AccountID,Amount
1TsDo5v3wDXYyLumRxBDXGKfJBrh8z8zwLwHYXMTA878v98,10.00
13wf5x9sMwe6nESHH2gYW2jXCrWVrT8wmZNUWaVPhbQduSXg,5.00
16V8e5aP1LcpRUPMmzd1qpSkLv4DkbC411JUSpeAcsD5aMZY,20.00
12vB85zy8avZ8phZeDGL78HaFacfg2X7adNVBW7bcpPcbguK,"1,250.00"
14bQ4efNQConBmkRrn8aLiDVY146C1PjzPQJeEbmmPJJQLFf,143.00
1EDL7dbooj417iYG1i7zNCEDQAmHr7wYpqEKT4UiAbqaD1E,14.90
13CAEr45jhvFDWDS8QuguLwQJb7zGe2LQtCNRsRsAo3MWMG6,15.00
14QuM5EYgAXh81aMineBzyTifuDYe5nyxZVwSp5NcRobxss5,28.00
15GEmbth87LzM9igwctmN1FM49GdEsxE6cE2FyyXdgjp72WW,50.00
14wDp4PZTWSupLXoKduoNi9kN65MRy37nHN2gvALVRdWfXWS,6.00
15oEPUxkXnn1rH5wsNSXSmc7vtLfjZX2tiuQcsVXWFCQ1d6g,9.00
13KmAiw8Xk8y5NKKcUr2Rq45LhqTQyAjKGEWRy7mh4aVPa5u,10.00
16WybGkzaECGQGfYv8x75pNJYUkfVRzkcjgE5QHZFoQoKnSk,44.60
15PVyseBEka4bj8Ue9YnUjHuoW6Bjt3hEnBQzp8dqXKdYUSK,10.00
153S1xe9oyUVNtTqkKJF56TGdLgYLSbd5JHwUruUtZmK85ZB,70.00
139CwhG1YHNNfo99BqPBF4faFL4TXoG6nBLusBQLHw2SQLPt,50.00
1BgXV8JU9cwde3jWh6bNCFi3HtsnkSrdf7zzG63AvJLFnsS,34.00
15VVrgpVrZErutbEJ1Fx3dv9LcBfvMNH7yn3UwcSmHb1k2Xu,22.00
13KLek3vupduRMh8oUe41bMKmJDkkCo6R2bNwHNRAEMkq7Fo,30.00
1Z6csLfdWM5YuzsXQ5bofe4TW2ya86p4MKb8EacXe2XJE5g,162.00
139EAyJnNnEgNjSupeem5H3Te4zHDZfG3aWByWeK9cWx3Hzp,12.00
14j8dHa4YpvHfkGcHqha3L4bmddSXzkxhArWWQEqb1fM411,80.00
1485ra47159wwfn3kpAbPm7KvVQNj9cVChHe4uNkjbxpfJJ6,15.00
12ikSKeXo8CMVFv7TGcdd8BkjJMpyZNEegmMP2BFYzCuSB1r,7.00
15V3xrUJfUTPcpmi4sZciS9S43A3kiXXvVgFn98AQwnzHGQs,20.00
1EhQWnGR6Zv4mN5L7DqwSLcsBsWYoVqG879tf9btQisvuD1,5.00
1E9eUPuECSRewh1ox74JKJJau4wRMEcsE1CWkm4JTdQ3Nz1,10.00
13VbDU3L1HEMMmd9rUMKMBCE7V6euFPNW8TqALjCXpipdk3x,55.00
1got2QxVB1mdnWHZ5onsNaHD7u8R6G3B9wGmC5a43iCXHjr,70.50
14o46rLoqbGjjdgcistW8tHnpFecNBSfmUnFxHwN7y1cn8C,5.00
12ued4AL6pBVVHhBjWZMjuZPwHeQKY1yZHZKT2NJxftJWrGa,10.00
13dkQuPPaiBEG2J7RvPGjT7yxFrLXLmWrnHYrkhTTcDcHnWn,30.00
1261qYHYbFnxsBB3JyybNC2EKACoHrrGntRJdCch7vMuLJbZ,35.00
1HgeGUBRjPFTJy4WYS9BHDvKPJTGMWtKhuRosL9M9Z68Nnn,10.50
1px31SdBRqrpD3zgXJSrMBpv4f62c8e6Y82XPhARW17G6NN,10.00
13jc1o4MtmKkHzwo5nyfSH9E2paejVz3GkB2toEEBf64G9p5,70.00
15r6KMKToEvcXvRpmR4E35cELoR7A6Fc5xLKG29LiSNBYViB,27.23
1TV318wajs97zUNRZVg1L4qx69Z2QAbnci5VsDiQMmXCxCG,20.00
15MoshfZLMURf7ChKpSWfGX35XiXWRbCLCrXRWtoACnFceMM,20.30
13xPgCSaEMj1N9xCyTKr7sbqqPPYgRPFYbeDpF6DsGpVCti8,5.00
16St5nCR7Dk89EgWEsyLAKYxPG7MKptoEoWmQ332SdbikRWP,15.00
16AgqyLLJHPQbACB9qpZoaJctDy2DBkixgyokdYs3nDU6uHG,10.00
145tDh6J6WFfCQtyP1MPsmL295a3w6bDEW2tWJf1jdzJzocc,10.00
12hL3dX81tPgQ9AjwbE7iLqpYDnNQgB1wG4BdoUtdufCgpfH,100.00
1242LSZojED3FqsnMyqPw2iaiwGGXx9w6wLcCkKZzjgL8ZuK,200.00
1242FFCUAX54p45VeA9JVy2eR3QZNAVuNYBKNkPqytyLyuyG,100.00
1sHjqSNw9VJGjy676ztpSGTZwM2acCA67sRecStUsPWWYat,5.00
14SPNfJTBT9eCfxCZn4gCkUhwm6YGeynPQ24oWTjEn9B2aUH,6.00
12QUJEfm4dQYQrvm2GDN111bvfNwwyNooG2RskRxo95SGqkY,"3,080.00"
12H7K6kg9m7DDWhrhPXmBwYPy8VPTVMRbsKQ42T1MKhuF1qE,20.28
15fjyHqjBCGYUifo9fMuuVQsz1PW8fKa4CXSPCefDLsBk5K6,7.00
13mnSUbNLwrBmrk4QSJTaRvf1hBpw8bygDV7qJU2uN5sfpJE,5.00
1A9ro8ZdpShentvzP3QYm6AxRafmRnuBMM2RybV7mDvMLY4,6.00
15g7Cu8qrR3eD5qCmmfD2a3hmGbh514GBqvj9dRysAEUegL5,50.00
13p3ZeKoiSaZPbTL1CLjLeyS3Ktcex6ewTDmckteYrkcTuTY,30.00
16PwWVv7PQ68tpSoAz9zVFZs8UuRzqcJwG8upWRuYxrf2xfN,12.00
145RtHKdoia8FJYdEoEwaqsxXZx8pUoLfQWUT3DGc3rViKKU,10.00
12pA6npnH1Eg7pT5puCwJEoQ6kRZdEgb3RkgfXvzTxMFGATA,30.00
13fvGpyPDR9rSCu6oa2aN54o5ZLpuvpECSKPyLjRDk1bfAwu,17.50
15zX1b5outUBDiXreZipTJ4QqDFJvRtAy2gvPz8dSjxpxNJ8,70.00
15MtM6tn2aM4G3CYP2SyYUZXniQXyxNqvrr64Hv6AmxF14fm,100.00
15V7sueKfEZnkwiiJwGhUt9CddCGkERtDdsviKwERdkJVL7k,35.00
12EQa19rqt2ZoqCUu7iXhkuddDidB4PqgaD7dTmf2VoWYpS7,21.00
12uwRYhrPgu3G3LrbSgm1Lw6uLRTqoLq2jLNWi67SJMpUfRj,5.00
133SRRhHQmFhs8SFmHctH1ZDkSvEXgRciLPJbsq87wXMuPie,5.00
14347nV7RHKdw5BvCpnvaRfDiFEWucbgxLt9EcFS9GCWHUrY,5.00
13mzfsYQh4NP28nvYM2UUNiGaPcbTezYQMEvABSrfwrQEFXF,104.00
12v4FgASKhn8pc1LtxnSWDjfT1GMpYeKZyXdD7JnwbiXGcuD,241.00
12MkD13f6nXx3n4GHWSga8eGeqU4TfrmXWJN6rSm9oMjD6x4,10.00
13H9S8rd1o5qxkSGMiseC3mBKvJ6GUj24iC6EG97LHbSchRg,10.00
16VTkyDPwk6PeCLP3dy83ZRuSVTakk3AcVNVSTuEADvyP33d,30.00
1LX7vGZM95YfPonsaLo6gykdKiNN4v7MPZjYexrKsmkZMgN,50.00
13MSE9Emr5dhvVyjhqqbzNxF5oL5Y6HCesVVu7nNRhknAJZo,5.00
14wrERMGUQDm4tjm44yVnaCGCz7bTojaiYcGaqWPMuTVzQxm,106.50
143XkvmAtAgQFWLEjCHrzXDK3hRT6WNMHHuz1GSbAyZe2KqU,179.00
1LUBkxddkGXKrUMLcinQr21STEP4EPQn3vRaXGJKnEbwvHc,7.80
16J3e6PcNmFi6mK34kxrop8FK61gHriCTUqgQ48xxAvaTKRp,25.00
12ZP9DLEt1S8ZJtdYWwKR7LSyiK33kQzWPzJKyVHMBkee95m,25.00
131avjPAsrAv32nhFJs85i6bjh5KbQ1pR1P6t7UjjUM6T64c,50.00
15Y8otBp28Lm2DwaqzeUgvnRck47sdLYE66gkPkCmG1BVTTv,13.50
133shcj6u559Uj133qpfEKvqR6QEk9gcoZnKKxTtB8h5g1Xp,20.00
13K8vuGqJr2YRcBzBv9Vr7N4hY7Y8BfwyvBtFdoxV9VZYZWE,434.00
1dtThhr4eqzs66CUVgCzEsDspiMphTk22TMVSCXcfQjRJwz,5.00
13SqSs3Y4Mv89ymKDRShStwYdbCKEJH3AKou7BAKw1KDmuKd,25.00
14txUJ8V9rgUQkgUnffqtbRZoff1zpwdqBEfCwQv9AT4AFq3,10.00
15oti8eZpekZSrHDQ1FVHjYR7mpzN3UmWihjV7Kjyhvp3EoB,5.00
14yxQoZkmetpsCy3wvSDNusXh1KsypKCPghUDRErTCjmXwEc,14.00
129dgpfvSDeJZSmbdHGKLxnhB2G4FESZS9dCLfVtnSBMp6jw,25.00
162cZCspSCDj9H7JSDyGA6ku2mJfR1E6ZggmfpfaaA1QGC4c,150.00
13YQdNQtGHnVT2s7zFwSFyWS2pJDMBDn5GF3XUUiDW2fh7nM,5.00
16MGTrQU7qtT3jJ79amDsybGFYS9BovUSN1naKkPaEQuU5uP,165.00
15QZYdAzRYSACCxzEwCNQo131XBYP5GwRtoS7ryKKMN6YmpD,27.00
1USVTakvzWFgUBn2Z9BrJKf8X1p7vJsfB5CWyBk4jCE6m2Q,67.00
1FMu3HkBXV79Xe6goNPhZEsoKLBmFoH3TXzGi1wwFWrLeNT,105.00
14YqxynbRkfbuFvTczdQjde1fk6AkYDfsyJEEBGeGTxLv4SA,5.00
14QDpy1p7CQQhfJTXhoowB98cXGcqsU1Q4DrL1w8AK3ehrAu,6.00
1pLyCvbd3FDYZ2fohBANA3ncZane14KJRn5epzVFRnJ7JaG,50.00
14z6Z3VDh7VzdzwHVx6ybxXvTuuLEGGf33mLUdChVzHKh35T,100.00
13K9pA1ydyzCkZhFc2HMvQsLJYzTKM1imQgDcKtYvfoJiZLr,10.00
1pgLiU7AyS4y4zeWNMbSrt95zKRzHYVxfLXLjrtAnmsqbh7,5.00
12LDDPVCsjbuVvvCp1JQCLadM6fhzTRZoLY8bihThfqJGqAe,20.00
15FhdWbJJ3FLNEjfH1a1mfBuaAziczKxerB342MpLqC86v7o,250.00
143myeCtEbg7Tfa1eB2rBEwM9oA2WTgWr8RZDZbBWC3QAa8k,9.00
15uNtV6ALPg2c8ZVHj3v88MbMaxWduHLbZ7nenuUqs5LrEKs,"1,000.00"
162NGPSQHsBtj3nPGr2ycNvrrwECxGKf5dX8SSEHiiGy9Ump,10.00
12QoSJUFEMhE9nYYxKusXLpmJpPbySYJ1Ypnzj74WQASzx3q,85.00
15T1p97HfpaodMLREd2MVjF8ZydqtJUjFnE4r5Qz84F2x16D,100.00
12VhjBHvuirgm2pHrRtR8GofDR7eDCupqPMbYN3ksxcc87Ko,89.00
12TGSfVQRuXvuAfgxGN64C2ib8n9hgZd8VUKjA2e4moz5NjH,210.00
149EprwNe3sGmVNudj1fMpQbiSyKHJbrEicqTXp1xC2Gh1Yu,20.00
14KKfAAZAGP66nRjxGddkbXv1GQrPXkKr3XEwGGMKHtZ9VWi,50.00
14oRdN7fX2yTRM16eabwpMg2gipjP8PJQxYwqJPAFsWQmTzF,5.00
13Q52dk2S2G1Pzs5qiPGhpAhtpLDks1fRKZAwvv9ttzt5aYk,75.00
12GZX53jD94ea8NUphGcKf5Rk3jeEmcKFfWEk5KwgXNyocBA,264.00
145vVAZ2odHR8kGVoB4Xs2x7SVCRoE6TgbeQs5jsVvdvCtuL,400.00
12eMGz3LTbFYnwrLgF5Gf7kb5evWePqsEPuKNjiX6mSNWFj3,120.00
1H29kQpUM95yGE3KYHQcRLiZrwA8FLu9GeWTZkQuy1bg79S,5.00
14dUCuHyqp9ywHESTRuwxMKnbuCjxN9q3Ar3Y6oTZ3x9CsJ2,30.00
13usCEngVMUqFVYL8ZJ6CM18qznV9oGTcDyVMoVVfkSbrRhK,35.00
16hjNh5gbxXk3WVz3PUUhvdHXysfDEjzTYwDxK3eJqp7GfzL,5.00
14xRBshwgW239FXrgzaqaBMR3R72Ja74Y4hqZHxAea55sKeg,10.00
1eDkL7GJJk5XTy3KGsww6nU7dbeDtqaSJJK4Q6AhJMrap3Q,40.00
13d7NbxF1UVQMYx9SbGu7tWC8uN2TDxR8qBp6RgCzuymcBcQ,"1,056.00"
194TkkmjuiNFHXFLkxTcTWfRpwgXZevtSFmezhFWhuBHqsH,198.00
13hkLApBCMNLWf7fPS93Hrw459MtGZxr32rFegtuFjGiCrZ,11.00
162CBWJmjEYhuHevhnfdJRVgcycNUKp37TzUWsR2JE27bNuD,12.50
13BmqmB4taacDCLTC49GcxwfL9v7xvjmvFeBudg91aGh2sJF,5.00
12zV4zD2Fp8q9hbQSuuNgLuQUX2w8hfrGqHbc5D4tWm1XmD6,6.00
16V6Pp7jfK7RRSsoykaETsu9NP9gfLYkLf2i6UFhND97Ts8K,95.00
12VnC3Zntc88uLdhpFfyYDJjLfjKeCrNmotCovpV3J6SU4PV,155.00
15u2UAYnRQjCMLLDB3vf1Y5GHau6HRQ4kFUDA3TphVMKsuAa,100.00
198Ao3G3ZSKGFhxNtoUdXcv6Pu4EAyeskmQHcfhhyHyq8GB,16.50
12Vf5iExJSzAqMSpj4NWcydvKVLBsB7AzL7GfkkRVRd8jgJ4,25.00
14TCa34JR9G6dmZBC9Bs7AGbBibja8fhvoypD1h3Cg9NtR3b,5.10
16SfqGLVcqxDEDrg2seZvxPiab5Sbjmrd7Rzq6AtBAg7W1dt,35.00
1eFXeCL4tt1XXBiG8HvhH26NwKdLJKEvSGqeLeKhYezRrjT,21.00
158Vye4rbS3oDDv2mbbe5BoevWaKHbYh2VoHaUQLMtgiTcYA,5.00
15JcAuZ5RdBrimsEpNeYAS57idy5jninm5BQokpmeFRrwUDh,15.00
13R3SxDDoAJxFKLcbA7L4jHiLVFChCYq1wmCCvjbT7FzXScn,100.00
16fBjFfZASjXfizSZR4HKNSwS1jmGxB2P7TVpuUPNzaTeMtR,100.00
1ENVX2Dq3kGQKAhoCZ6522qVoxGBdHim9HFumHPKF7pKnfa,15.00
16ii1z2Ebt8AKMrLiuk6QiYYDd5Pc732r4C6BGsufhw5EXip,5.00
14w5FFnd9dHjN15duFH6GN5SgwM76sdx2g6yWSTGQo4nnxv,5.00
1cL7eZRzPeXUmro7cf4NV2HyidptdRPueoYvuTvXhwytmfk,40.00
14XoKG8kc2ucKTy19Hk5c7YQVBUpWJP8KXkrhkH2bVkNtoKD,7.00
12BQXJQKmrcEQYntZaVbgdcPxyANw5m5mFGd4Gg85McHQWNz,"10,050.00"
1y1GG1WtSiygitoFYuxnrtt3jo3XTVQxhcG2u9vvu2uR3ND,"25,000.00"
12bL9aJ3ekm6o3cdpzi6gi5ruAqvDB8TGDo4HPnXu7brmcEc,"1,000.00"
16B56FzqCnk3RYajTcNdCU81Asx6yGUxdWu8ecb8zdMce2Xh,100.00
142rwQdaCmygwGtXG84sAFbC8sdMRcPXG19TGoEPwcCK2cHV,10.00
152ZMUDchS61jKKUJGS4uTnQ3gDCY814PHokuG2p36eChDVo,10.00
13zXpgfJsuXoegKY3PicvyVHgqogydYhQGunui4xRfbQTHZQ,5.00
15DU8XbMcV84vS562FbbXpxzAveqJGapDvhzL52e8TPVuSsg,132.50
17UeoQh3Nhdjcq9Qi1EbMTaaiJJrZ9AKxERP8v9Lz7HCijo,9.50
1KnoSYMdcVKhJbEjLhq7wLSo864YipSecCf35j67154bnAn,55.99
12j8KjmrujjLMgZz5cHDDnQWZoW6iTJDqZKBRMuwwbB7UDVD,10.00
15KKvDbo9L2ReXMRvfR69kjJhnXfz8wYooCsmwndr9qYaqGW,10.00
1H7tVRG4P6SdgAjPYhuqQyXrSssrdfwiFPezmCvzuBSB3jz,6.00
13uv9y5nDVw8UhM44NwEL3yPpSfBEsUVxgkko4ctUBLqabhM,5.00
15YHTG1zgP8M1WXa7RyMRR4Nmfo1mcYY3fX86V7keEpJjoNc,10.00
14dQrKjLq9eBTWAHaQa6eJ2FfjEUY6TJsKGpGnmpe3StLfe1,202.00
12Whk8CnYbCtgRSeppjYDrHVb7uGEGrDMywEcn1UXw7vPenz,100.00
16Uugc4CBz6nMRsaBwjPFrjsS8qCaJtw4mq5m1XE7LgMMQmT,50.00
14V3mmN7qcM2e3npk5Ty9xpXehtCXMPbBug3wBTRbEd3Pd8b,66.00
14QDsfw3aT56mReodKzoYkCwx1VyUYXRBTFHZBCbkhBBWfN,"1,200.00"
14fft6LyaTFReDfWe2eWdq2zAvZ2MhAdxmAyyYBFUrKWJGxE,120.00
15Smfhgp9AQFQX2RVvQrfiFZoj8uH6pfW5EZ1fAY3rFvSBii,21.48
16DZY3X9buB7QJhCPZt3S69Qxgwu9mcG5qvpcs2awU7dfENZ,50.00
129kuWfCViG3kTHTXhDeCWTiH6KKxuE958tyFyLah9QxaAcE,110.00
13phrq7gYDgemmCc4xzGm7SCabmGXgQurh4eTYA1XTB4KKqj,23.00
12jtweto8bRWGk4FSPVkSPA2yqZHwLi7Aax4AprL8HBraupt,10.00
16G77xBQKByaQ1yJWaBttimqDuYXaAVaiEAC7R85atUTiiuD,922.00
146NtEPVgPDoi33eVV6nFWc6AZ7YDsrWmutRD2KU5WDy1z2T,20.00
16a82ZAtpZg6p1tZSPAPdXb8mUSmn8TY9uFZFbnT7Xc3TZ7X,500.00
13bFs7HsyYgNBTNuD8nR3PyBrTbGvoo4YPCHytM5fRoSKsg5,5.10
16cn4zZTuC56NQjr3tLeAEbrKhfdTT35yPtg7bF4FPvAqjwz,35.00
133Ve6onAxCqYwfTNCipYGu1L4qzRwnPKELbVpHgEA9uQsqe,101.50
15iRBqCc7qNxZVW5xpiEvRfN9MZRX9hgvTW7StqUHq81wZ6P,5.00
136k5cyogmDpRdsxuNEPZF1iQZjMeQtRs44KNofi1a3bgtaS,100.00
15UdFtHKM37H7WFxRETtN6Fne88inC1BNjHkQhw2AnjiVCPv,18.70
14coMWWyXn6tN9JTmcwHucFJxgLdQcP5SaTH9ea79oLtZscd,5.00
19gYqWtPEbVQAb1GWKvKwmmiCn3JZ66jfAc1gQ4aViSsUgN,100.00
15rAxbskD99YQkXjjvEiAAkNzhGkYFyfjPLVaHs7UJ5U75je,100.00
1jUdFT6xP8FzVwstjfSoGDVV2D5fy23VGjUEbDm5vyQLQ2P,50.00
11ayR6MtJrZxa3jEf6M3Urfe2keVvBTYkSMzRX4sZHFkdyZ,100.00
139CVoWuLuLxXU3Bs7bZnDfh8cKGsTMmmhydvzq3D6Yv2XU1,50.00
121v4FPjKT6LpDHaDUHNWdEY9LNFRTktW846DmX8Beatppvu,35.21
12W2wQqT8ZPG2sUKsHpKajYn1J7Gi1wGAb9atwP4pLgUZgq5,30.00
12p9enCWaywuWPnecNnaWX9ASndhBNcC6YfRNLWwi2puQwjq,11.90
1jAb1zAfQqhZq1gHKhxsiiVZ2Kb4WPKNUhcXzH7fUwutCRy,5.00
15Jg1c8cAXaz6Y1vhAguc1pU1ZwWqxJGECHEk9APsU31R1hr,10.00
152Xfdez8WAKKdijfCVHmG7KUcuNYa9CN2zsVkWHXNZ9hUvc,54.00
16GSaJd3eJiCDb34iUTucKUmuwHsakGHHGa9pL6V7WgV2Pi8,20.00
15SDVwHuDd3SHPF2eP1XsiGW3HmcS5hh4urHe6147tYMWyfx,5.00
136HJLthqKcBaRLR1sS25Vdj8UpbHVCDum1h9SFJBuZSprHK,24.00
13sKwnHH8KUmWuMUshYsYbixj7nZf7ETGpiff7aokLz1wsCE,5.00
14VwvBeT4NfNmJDBgi2pwWmwYGpPXMofonBwLhmuzyypkMVE,8.00
12TY1QZThqQQ37xMajGXTx9vT2M7qCEnKVpkteRa3fFjyf9K,10.00
15B5jBcVfkEoUDWNrJSpiENNyPb8j8rhKWMEC41jJkVkia8W,100.00
178dgt8DDnGeGzJrzXUMSrzRdk6kkczmUXsAv6s5fhasrS3,5.00
162PruRxiLBRKwMexR3VJSmG7GgiKxR9xgkgtE1gGVWE8HGA,5.00
16kNCRhKagidgY9RLwQM7HNAjt5tAXkbEStxdPrcvnymPfyu,74.50
13QTyA6gc85fGKSuxSbh5NgZKtRfgzNnd3zpLQRENPDo9gAe,25.00
19FAztsv29YesZRWhyx2nd8amDaooAw3G4dDvu6di4mr3fG,"2,570.00"
1Em9XK9e8TMD79K4s2zJBArtNAtKv6UpP6KbrGo3XNKEF6k,100.00
13VYVMW6ekFsxuE9LxigBTnRatZoQMNr3eFkTJsusEFQnmWZ,5.00
13bikugW9pzoWynGgRc19SnN6JUMm4be62Euojv5EdY3T3qi,10.00
1EHUWj4zzeLjBM3teRz5xwDAp5H6KZB2nL6wZGdMfEEBjXT,8.00
14SNackKcim3Ur1rT6ysBtAJn97CzCmdsTTR5Z4jQ4CjjrGG,105.00
14YpQ13PnAC8MjC7WgReNopSNXfWtZUVbHvtvGEqp4Rp7fy2,58.50
15Uy6QG3JMrUxNeciHMfLhiXusT2d7Ksd9DEUuea7xWDKwYz,5.00
15kheJJS7CF3M2CDoNBXwmgrAJthGLnsXCMbowVofJgBMtKG,160.00
12HT8TsdXZ74yrehf3hVViYnxxCpZUWDH22KwHy9syULCL6e,10.00
14rQ3gnFkQvT8xQ7XriZ3h9LHB28epm2awwrxiQfi2eoCHVi,15.00
13dXN2feFGcXgZ4GAs7bVZnA4tJNDNYoy6Ct4kfodsu3EViE,20.50
13gdbG6czVXWv5MqfoLsUSXkGV696bu68wktBAVe5Lp3YXre,10.00
13xFEGWVQ4MopMinKrmWUMhNbsyqpVDXssohufJQaaij9pgy,5.00
173enTUPbVYZsTdCQJ79U4a2YRZcxZPryAWa8NReBz9xA4u,10.00
16LbyzpDdrSvv7C4UaZg6AB12ue7edDj4AvLTmXU4BtNZMKn,10.00
1bAJ1H1yyHgVZAGqfqwJuoAbr5ZC9mrjXbS7XL1gw7mxVjq,20.00
16Y4zSbBgJhMtTtjKdNDvFvhqcKqW2VV3RhFDZvUoxC1zsDc,19.00
12W1bbhG6mVdB1YtP9BQrsKwb8YN2ppvajkY46u8Ge1DYmir,50.00
12nTLsZ8AkPzMN1xMg9yWuTUNAxyeYkTgnwYN2Wf3aUSRgko,5.00
1588zDJxbMtsVwf6ecr6EciYk4pPy1bkLza216Sg39esJaw3,20.00
17XLpQ7FW3kJQBs4eLRRKa1JAhqpioYiim5FGNeFX1fW3cu,32.00
14JyQ9onyDYt4CKhRdZQ2meuwz1TwcgGa1Mhy4GDw6GEBAXv,6.00
12bP1q2myWtupTQUaGxcFeuSYQARSzUJasMV3kTHie3nhXgP,6.00
12NtN8M3w8nne7X6pQSnch938tFYB3zPjpjGyzT2uQo6ViUY,100.00
14xM2vfCxb4x5ZTo2mmKEcvoRzFR9aKn4hyScguPHg2rwkCN,350.00
13dZmavdWVGZKHkA4hHmKAhucoCK1ABdFUmaQ9e6hY38KSkD,90.00
15dDf8iPqdjc4XVVeABx74xM9KjiURRAksxvXkDnhGwWAUpJ,21.00
1eTJtKP8YmSjabU5tSvRrcdjK7XrFgEj76GygyZ2Swx3BYk,15.00
1ZG88fVai8HSyJsuhckhrCE4dvuMT4Vw5xW3s4hZvBR6NQf,300.00
145XTKCsdz25fLz5ThstAoQmdbzknktNmGKxKRjWXX6KmBvH,15.00
13zhTtN48sevGg4fAu1XceHYGaFBkdMrpu7cnvKSViWJUQuM,70.00
15oaaZ9YQGm3Fhvht7NACDiHuy4PNfLkmaSV7g1Le2SMtEDF,5.00
1F4zndRuRSnroapf4TceDgXUK91Y7PUBEDbS8LPJhdgm5Kb,18.20
12nBfAW5gT9hQ8vQdhomvmjs35tu75twTP8fS1Lkah1mpaWw,110.00
15qsPnHaXMCEDhPmGSv55ZaLQSJk7tbmPo44ZUVyJCp3mLLf,100.00
12HUmUkUFkSYmK2i3ax2eLiNvvcowxu2bVV1jhTZeuMJmebi,21.00
14gW9Y2CPqEDUAGn6pPVpWKCepU6cEZk7DCkVzgJDcoseWbj,13.00
14VrWKTopyrc1RrRECzJ7RxbsdNqrht4EHPDruEwwhmdf3PZ,5.20
14gSwMn3CzxUSvRqYVxK6SiENRCCh5FJzeDa2w7qJE4ZLpk9,5.00
15BXmUNYcbDo62bjNY8tFbVTAxeVtkX6fSrMt9h3xzA1nPTh,20.50
12N7MEpgXLv9pEeMwtToa1dRT6mjdHGr7p2dwyHiyaDbBUr9,150.00
1jbZxCFeNMRgVRfggkknf8sTWzrVKbzLvRuLWvSyg9bByRG,250.00
1j52qgkWWmVTAARWM3fq9ZCrpu62abtWwoEJkFj6MVgNJpG,74.95
13QLTwLxFu389MFX96wkDWynfHjrqXuTzgaokPP2hwWfNAAL,101.00
13MpR8NrWC9AsfRXMg4WchdWsMNx4LuLP3sCWSH12Wg8zgp5,61.00
13MRJdp1ciDLjeQqC4Hr8Sq5iYKUsSBqN7m7M9eYzVRjgXgF,15.00
1gcWRRwf29LNc8QZdLcCTVSMndyQPpCX3dGKBCRt21fsm9a,340.00
14wr7c6iYT8RpWTBTsEZeUPkT76CzLb82FTmMsbRv1RwTQZA,100.00
15VneBDiHwNCRML95V2cfyy7Hp7EZ1u2GsHa1aMiwrwL8SFC,30.00
1xMKdAnMQHxwwf9NjFpstRB9FoguhJXqtdj8KdxrJqb7mGK,7.00
12WmvSSfCL3Gq2tg2fnyd7Vyrdfaa3dq5xrNvCWQso3hfbFn,10.85
14BjxMNAw1gWXga28VmnysA2M99KivyeWaZusNvKXQ69GcjF,6.00
1ZaEvENLaynSycKPtvup9kWud1YYSJcZA4byunFvEoF7jPw,25.00
1TiqKMdQRD8cToKyRqBAs4z3k5ZiNTwaMN5zz25dt4kEuMj,38.00
15DMRvTrPTRMQa8ychRPfN3pRKQ4MBoTQgJRqWUAcWx3QGcr,60.00
12Vzr72iJEgMtfRyMUvyPFQuMREPXzLF3Q1JjSZ5UAWbPG7g,27.70
1nFSQ9jB7tep4WjwJ7mN3mJ1PNNiMwPZJD1xjWstaGn3kKs,5.00
142zzLxDTtzu5n25bjy3t3o69B44ZrXJoh3jyu35cZHgbqGL,105.00
1ejqwhQ1PEkhSGvfdoFWQZRCxBf4oJazjDGtsWRLxLMfNdH,267.00
16SxLN7rzPLL849oiTfMedqs83PJGNhuNgKEaUQj2niM7ENR,14.00
12EhyAYXJrgZyZqC6J7qt7Hmjmt9qnfarwAtMNR1k9jx3PeP,215.00
16RvTGKogrtskaCrzUWXvwsbdvKeo9jCtZ7QWNZmB367rLYQ,236.00
1271b1e5eqDe4GzdLRGvRPKA6yXJmuSFtmpXXqBBezUq61Rv,99.00
1h3s91dJ1R3XCXi6hgJ9utTfjaDuRyLemXaLV6fGs95vxYn,245.00
155veCHz5Yuy3Tu5HohD5B3DNNDx8L5qd5GjAGP1chZbmfZi,5.00
16LzN9rUQQoNFwb8jQeX8HjUUiuMZTsGtqk68Q5hhcSSdVdg,87.00
12WmwFkJq4rLvAy16k4NF522ztMXCSt95KJJQyWukCF5JHjq,8.00
19eETeMEmRZJ2H6Z7SKPHSQ69sCcDvwogfGb6H9khG9PqBJ,50.00
155DjWgc4JxfRNP7RXYELcQtYYFZDyhAk16UemxUXqQ9mCvo,300.00
11UkYRhyYCAZxF95iEq2V38AAt1Kz4MZHpxoU1t58TULSF8,19.90
12TKNb5JJzrZzMntjLaDtnE8hUbYt3wCT1m6CUf8DjFzu41Y,31.00
13sUMfxf6kVFeTdZy4LxNrgN9ebWawemDcuPTnkETm2NWzAj,5.00
14dG4dAs2zPuVaN6r51s6nESWYjGxkpREh3SB5pLvYgADNiH,250.00
13pZXydPLuz1QQ6QEDsCSkMAZC5smt5e9aL9BVk9EusSKxjn,"1,961.00"
12vKAY1dbMGYJMxcFNN3BTffzWGLaG4ZRm4QwrArmAKFDQJR,20.00
14ruEx61HTUPRjrC7LuPF6ApGVnfnyCb7p6gQFFLqd2MbiLn,10.00
12zrTzeiWN7s5vo5Z3SJLize1Au3GbxXZ3FGEWeosLu6BBk8,10.00
15QQ84dTkDPRBE5cFqf4pePGgkiU4TvtzPei3qhkWWEoEkbU,50.00
15VHfqcgYy3eZiDUrqBqJF3xTQ9cVGEUnhx6XSkaAMgbNqgK,15.00
13Vy7B7KcKrdqzNWPMCvcgahycDQSEqJbMJ9fPCZYzdecNZH,10.00
15tPw8f2YuWXaX5fa6uY44hBoUqbPgV9xfUTK46FxkMHLGMe,20.00
165Zz4CprvpJvcuTtSoetRPSixB6VgrSsQyHp9KbfBCZ4ikP,170.00
14DeXwX3Jczvq41b3kaWXC6o5CAHCk4q5gdk2F8mM2Az44Hi,10.00
1bXHd4G4kRJMHVWGTRiCP58KojHC8kn9gxewKmHgvCV3aag,20.00
14K5m2xeiFop8DoBpdxwZH6Y7graBFHJT7qceyaW39gEfTrz,266.00
13YNybsBMzyLYvyvgneuBbJNsBG6Ze8hvaVLUKwDJugGnVUd,10.00
13ge1ZL59kMaSKbV1jDa9H43RFzyQ9rYUucXQEFqcxhTaebn,10.00
163EnVHuhEzwyGLbNsfke1sgVN9iUskYF4fbBPWA7DasYHYy,20.00
14DVWhPaat3RAxBESj1GNDsbt8PLffiTQ3nfDLXGH44oYYMu,40.00
13tr93nkQVQmR12jihr5kkGbvUUZPzK7vpFoP3KjnRGxGmbP,5.00
133sGQCuTUg85ZRBioi7388G1cNYV1Zg6tzWRLMVQMD3Bovz,254.20
13wnAMvM2KuxC8MVnnHRFiSLBSjnjPkJ2AosVrAqAZKgs8N7,10.00
15tx6WXw2NTUQ77wNpoqq1Qwob9tUmDjfm7t5Gp4DLvqJp4C,8.00
1Zfrj5jy41yATJ8zjDjgxoZgiH2diSAXhqpNzBdPrGooQEX,10.00
1t57djwSB2trWVvPErYxDjhDsRsZDkLjLCiieZ4sVwryEX7,20.00
12sD92jSz1Cipao6m8Yz84BFLTwVnP9z2EyLzUcwrg3TkZZP,250.00
15oY3WXgpB6JxY1KdPuN64rVEV98otkDUWMjk1g38NyxQzUL,370.00
16iDVsSbsK5psmTzqK5fKAwMia7rN1yk6RNhttPWarXDhUVf,8.62
15qjnZb4ngdbfNXC3jC5bcU66Mxfb8cpZdDvsqw1iNDMrJDY,15.00
13GCqFuNrdM5t6hoTh1DneeSy2ho3WyzqeiVPV2pKVTFJaRP,35.00
16ieGy87vT3fcpEHvbo8Qst7F4wHF5g7A78BG9dbtaucgxiJ,7.00
13Q5LQmqL75kuAxv93UVAbkWkh7u4xs2CoSYFpxWYBDy33JH,15.00
1nZZ5jCw14DbkB4bkkwiHqL3Fr4shytDNBNJoKyyyLor6Ep,"40,000.00"
12e4EdZFsDMpKREt8gE2xZBd6L5zy3zDt3pvEKcuCei9nooK,24.00
12RPGQGmUTr4MsaX7qZekdgxyuuexZwpuMKjsaDotCNizeUv,10.00
13Q7KefMWPg1Asx9VPWKZv69KdsnHZ1KJLsXzhE58sNec8Ja,119.70
12x3QCa4iAyNGa3p5xKjD9udVRLbvs9ogJJnNa3wQTHCG6qs,20.00
14WK2sPCm7dXTpgBd5enqh5CHkd1Y4rk4w47py3crah6QMt,5.00
16AhYRu5bPhDYGEKY39GRUSyTa88LSXLqj9FKUgHvDgJNKB8,190.00
1uk4oWUNV1x4M6iieFpCBPgVCyjhReGXQQKa9ksExNhrdsr,5.30
16GVHYjxfLscg6fNC5eQ1HcTdH97JnYy5hjm4Ph3WGSvDJ92,103.00
145tvmrhwoehm5vnVxraLXhX5ccCKb7pnTMNV6G2avZ1o1cL,100.00
12pNWLScMpAAnPH8zHa8mdaaZjM3xNmCNsAm3zRuZYpL6gdz,8.75
14aD5j4DsM2vk3DgutfZqDNVfror19aufmWBHrWfd3DsQ9Ec,80.00
12RDLcTJNYKezjaiukaPLP3rYetHt4TyZQ4iuW5AZ1Q4fAKq,35.00
1gpA9hrfZhAza2695yyjB9CL3mk3U2hFm5edtj4GXjLig7b,5.00
13n1asVvp4JUs9mt6wiDG65cPyMXxdkdmdF1FMcAmeXrkUSb,10.00
12s7cvebR7SKKq7txSj4jeRjCuphBV5RFpxT45oy6kQemMSs,5.00
13aV2Kg7SXxx2SqkzAZFN3FviJsWgyfmr5CwhBRWDCHyUqbZ,130.00
12KxaeAFuxHm6m7NQ5y63W7UoVCsDLcPV4ABSnfjaQMWSzEj,5.10
1CGRwZUstw1tgJCe7NAFLwZEQTJ5DJsZwdev5xV3CBFuUgj,6.98
124ckLArnW6WKT9h9bDxdpLoLvw1zWmSyfkxWo7531dVhGHS,100.00
129MhGbzExufWTDAAvfERApUBZbYhWPKG9vY6s4kyWkGxuHj,10.00
15wku58Miy8YQ9hhCCwn2Pxbo2HdobE4qmSd3HLTPCogdv8L,10.00
16JpFw3nHZbUmybfovmBxp9vuSPGp5bNk7NyEKoNbBpBVECQ,5.00
1CZNcUTQggHEHk5RiRqjDgpCDnfDxPaaxQiTe1tEX2zwC6V,5.10
14zugYmZJuh2uyrQoHfZRkjcHs1JyTpUmUkafXfZ53GjNn7w,10.00
15zjyjAWj6YCLiL4gBFVE4PzqauEFxjbTAoL4E4nCghVMFcc,55.90
17KZLTZSi5jiPYNWaLxkKifSgyJkbTL8F2hK2DbEbbe9ye3,10.00
16SqcC5A8BgFu2a9oia6A9ogcrNcUB8e9zxuDkCAG6aXXQSS,10.00
1b8KcoTTHTjjZsvecCjdLeSBxzRQHuqLsoQKRKeoaNvt1A1,53.00
13Befstr1bdLSbmq7up3vKBJaE7CUbbacoqyRWcXCBUi9Uoq,10.00
118VFzz9NuhGfviUt5EHuwJouXEEjJeJgavDsQxjuj5WGqQ,10.00
1uX8anHv9xhPeSGNFwpE6MxqLXGmfTcbsb4vHnHoiReoY8S,5.00
16Va7R2cquTbfWL2Xc8wc2goeYz4ehSTUiUonHL2wax7UwhW,37.00
1BZuDWScwvgaUWZAry5kcA6eEyWxeWvY8m5fgXj7qEP2vHe,5.00
14MGgqGqikKApGbsmFKJiNY8RGMdytBmPszAmGC7sj3gGSJU,50.00
13K3WE3fB7sbnWtVM2Z8drmS2bFWdbNtTq52itnqjjWhFr9r,478.00
12REUJkWq9JhAKH6qE2FpdqxxNXFvVi3iGPqoFEuDSw776JX,56.00
126WD5co4D76bBFEngvCjsVYAorYMLbi78XVLoBTgTAm8NFp,50.00
14aFoy92Hv5TGbi7ToecpiL9g9fGtphxny4AdYvThSYDoUnS,19.20
16DWb4Fcz51LvwoA4bmfSjeB33QChv3ogwNsRXUq4669Zzgb,10.00
12c4rgTE3zEAfZAguUscRuPGDynD51jn2gTE59r2xRbimsak,178.00
15S4JNLnXqBKrW1QqYjVCkNpXpMafJeu2fJHNeRuKoLWsVdX,5.00
15SpVziXGDwXKLMAGjTgNJdNyQBdrcJRxaX8f4Rzcxm8tkkV,5.00
16HuZ7Sudt7wFNc8qhXnQL8ktPjVnmhJbXEshQimjJxJBmX6,10.00
14gKHgbGzGRZmSXYXpnMF1nkKzBo3D2oh94gmpowTNgjBhZo,40.00
14ibZhLk9zuhBwbtYdKqscEU7Ad3zJrrVUuq9wy7kJKq2hjY,5.00
1C4chyBEP34Ez9hK469KS7EdBdiVNhrjx6MkGDxvKa2GT52,7.00
14QmTK8oMdcn4zY2hAGdTjv6gvmq1YgkZKEuVo4p2K5VM5qX,60.00
13TS9g2y53cHAD8a5JmTaCeM2bqpqmLsybuRdvYVfEK63tnG,200.00
16Hx6CPcr254ec7kLXmtgsj66WsXS8L2xSXnrAyK7Cvdunfy,137.95
1CJsVXWG9h9gxHf6cEFPM5MxZsCCwnW8SeGtwg8xLgZt2tm,39.00
12gbxp4yTSHkF3cLptmJR4FnGVqV9ZA2GrtGjsFTz94A42Db,200.00
12YwfFDQRDEk6FYZrLuAMfZSn2jAPavUhMRUFjToBVfR5zj4,75.00
12QvjNGa7aMhBsEpDJpUdACznYK9GYGMp912PodUpwNkGAm1,25.00
1UCnaFtEaSyChaHVyTqenk6BtSBxj1L5HVR5PvdVEqgLzFi,10.00
138nLqFBA418PVhyn6g9X8QsS2PBbys1oDVmi4W1AKfMqWjw,50.00
12E4USd6ZdczN4YPFzHBwb6k3boE1vYP1xSF11LzXWRDo8xm,46.00
138pSKJ3KEowzAB2qja3URFH7G9HkngPFumXf4mvBkZjyL7P,"1,001.00"
15uB5Hvg5dw4rk4k8cXbaFTC5ukgZ4JHjdvsf9zfYgC4xuvR,50.00
14tmwJ8tufo4y62EwDG25urwphwTCs19gaDVwgpeZ8GZSBR3,5.00
148LkCmqjReKWFxwWcWkQev91oAFTNA6mdsN9HHfxDgG9Hdv,10.00
1sBtMFHzhe522aia4hz4rpuZSFe5QaWwmw2Lo25zT7WHPhU,100.00
14SZRHiZBjKKEB18CpYw5GZ5c7RF6m4aBspgs8BTfmriJEhM,25.00
13bg4S1TtG6immm6sHt3MNd5agzJ69iGwbFCb2UTAjg4ycAz,8.97
12wxs3XqkZMh5XwnzLJ3TGD2G2iNn2dA8ryQryBwB3qKanxq,60.00
1bc6jrktnLrUrBHbQBnCUBGquNCpsQAtGTuHvgt38ULUdLc,10.00
15oYceAcfQLHjHisGntxGWbqXr1ska1mGDSeuqZGo1b6FHd7,5.00
15ofWVeTH5mo4k6QvDuUceerWzmRX1j6JGwNw5e9sj7CntsV,25.00
1nbfwoon2DMDeGpBYoFLrCZs8drL7k6h4keL8QBDXjXcu2C,25.00
14SpmFagFoiQ8XK941rMvdZJkWiTP1tbtz5FK3TECCjWmSYE,5.00
1rySvDCc4GLmoFZxTUCbZJFcjMGJXyqCKUq8gGLCHkq46NJ,10.00
16ZdLPRy5udwcTzzpCfiVffPNb6uTZdR567CpYqBUDQD2oaz,35.00
15VuWDZQAaTJMuPNDDmWdVygh2MZanhwG7L8zR533rcg4hCM,10.00
14W6B3vFq8BPkFZTcTxuawqfiPNFPNm4Lz8Am86RZJWbah8A,5.00
13QAskvfpaWT3hJ4FjhZin5WYr54phmEf6DdevDYYNAbeNys,88.00
14dZ6aqVArpgLSZDu8C2VFYoW3pkuMkA6H4gUwLDGNS7zBP4,5.00
12489XQWHiggNyooyJqhVqS35hC3N2uRQ8SStcRge4gvScQP,5.00
15zLit9i8itobV81QKLD2V3FAgPPSGpC8VFPv4bekvZKN4GS,105.00
126tR2pDU1MpCDGZYtSTBhwwL7APM7dA7aa5ekWpbpj4sWMN,5.00
13TjK6W32NPKgUfqLt934so7wZqFuTdQTLVDEER6p7ZFLtsm,5.00
14r82DmZ8LoV74j8h78At2qxmsz5tXP5rWQNzeLs8z7NryT9,5.00
13T2XWs69C44ZrWesNwZYGAGGt5KyX3Zi3R96haK1Y7ABTnU,100.00
13e9XJZxG7DFQMxst4SpxE5XNHijakf4rg6uaZkHyVwcyBvq,100.00
1n2tZiVR8rxmZZ9gWCM3ZigumubK5WmT1Dmjx5ouh8SUcRu,10.00
13TdVHXcjDkCioCc6rLgYaGyFxqat6hXxWJyMzSX5VPAnGPD,52.00
12Bsh2u72k5d4sUQDRmSMJZjJnC6CccAXCaUYv1bNQ3iuS7Z,5.00
13rmeSAXKVd3s2cGxfASj5dHucUyR6LH6PiWjj4k7Sniasf8,50.00
14V1XUd829qJMRetGpkoUH715mghUq1Ks3m3R84KLVkgGLiP,40.00
16GJoy5XPXXMBZz1Wefzkm5BXFTFYnMkx6RGgqP7sMP8T5Rb,35.00
138Gg3HL5FB5P9NTv1h83VL3sF2r5GPptwDbn9s1NUniQSNU,230.00
15tt1CMv6hCjfkJKDtEi1o1Zr37TTkvsVSJFq1g1xfq7GCDA,150.00
11hzuVmCUQ5sKXGbhaFAuSZDKY17jLnxgaH7wYoYgrbnr7V,6.00
14zUQ3GQqwQvimE1Jq93Lv7Dzc8mTqqtP5VphZNWgkVjAqLc,5.00
16B7ePKGgRTZo5PC4qDCoto2mKBbiQx4s19XoWizXujgqeAn,300.00
1gxN9kTzN6H1xjvCzUUBbAaWsbS6Td1e5M6sE1XD5UNrWYk,12.00
1y9JUXNziopoNgdHdFXtEkBBrzcSZ95pZD3bCjuAVQ247aB,5.00
126x6rv3QPA84mKXdTjEN1C7nrF7gx2bE4ZSzYgRHN2gtQNT,10.00
1394ak37CvyxP1giC46CrMngit8gbkLiKY8fxaxTj22e3kGv,122.00
14iWugVRGwbeEXaHH9mLVZGnq8acNtY4B41FabqWnbC2XviP,10.00
14AfMx6Z1bET74ETvVwz55vGPY4PanFoVFfChGVqiaE8deYv,50.00
12nXBTnsXDqhHuxT3PDdzbTibUwhpLXGnsAbDNVpahKnXz25,25.00
16AayaZnykQu3nU98cVMoH66gGahEgDixatE11sNkEu74rHp,13.00
13m59AirZNWrLNPE4ezRfcUXALBPRcDDPwNEXtA4iE6bgHWT,50.00
14wnAqH4HZe4nFfDxna3J2iwqVzSDdWVBPjRvbCKU787TM4L,8.50
1581snsrdV87DnM7Jj9kk7uWNWwdd6Knu1njGJrMDsPr5WbU,5.10
13SqXkVmFCyUwWfd8sYu7S6Zi857SY94FjztyHb7odsNRZAw,5.00
15BUCcdeqbQ2QNDAptQCQ1wHYyze2A1VYEAjqUFjQETj7o2B,48.00
16VRP5Do8uMTb4KJ1ZHGQ8Tr8zuT6AukeEuVfGzEaEgdadzy,14.12
13VPmKArLkaPgbW9kpAAyqNaCaKTH3P7rNND8RRyY2yQNf6v,10.00
13THVzFqWh5MHJbJi4xMRF7L16xyexWAzB9jfCj57Zgi6W76,70.00
14kmvaizznLgPxiR3crmbP6xTKdLjEqZRLpfEerCjKrF2JZA,5.00
14MrcudTom7Rn4JdXkMy3FJRMvr7cGGiCBvR4JbiFRuhwEJG,5.00
13doukCoDGvTuFZtPZG3HfF48MYqPcwrJAGmCyvmsTrvdSQE,6.00
15Ghd7dbSkZjhdB54Lw2VQYqCuKy5p7seLLExKstxCHq9AuF,5.00
13tzFQyfVFnyhWrvfkB5tZMyFdyw1gKDVqdN5K5HuLx3VRA6,20.70
129PscryH2HP7ESaYK29KHkaTh8SNJ3Ukb4hhsUH5P79bvCA,8.00
143hKS2yZpGVjbek9b9xDCFnmqFPuSFj134VjjhrAXWxnnLv,5.00
16PvyEadaiPjkKmiCUxfFFWi7uJwyzco8Ga3pTraVZNEZkTS,6.80
14ktbYAYRSzLcdg1ntgC9Bt7dnv5Y8PrJ8vF1ujZsVWoRPjN,100.25
13B7z1evqoveyJCKMwppwN2dF1y22WczHqq6AfUL5tTtNvsR,5.00
14pEDtyHg6yry2wtQsTL4aUJmiVzEj7Go3nDYWB6SgmFxCNq,130.00
1557dYRZaXRFzry3YNX1GYUnyTezHzYG6xTughrjnPcgg92y,6.00
13pSggeByrSUKPBh87ngsuqobMYPQ1dVD6hJxxC46KVgoHtf,333.00
14Asz8zGcmpZtsgxwSAA6zppBnpsDBgfUaPUjRarinpNHjvm,153.21
14N95E6NfjTH2CRAFDSi2mQP9GS6n3LirjhPifRqmAo9HpWF,65.00
15Y1WGtmdayPkiVZ78YMDYkMttTNnP9VkK9WPEEKsZZvyMNu,64.76
13WNUY1yi5vpvLAtdryfGBQy2Y9XDvrmDBQAJ4F95HLxaVwe,5.00
16MRgP4rDStxaWfuSeL4EMt5e6xpnPn7mVT4UKX4qfCbCd6f,100.00
15rQVsMpKcmdcfhyRC2HJ93HPYfiRvnsNwdabcGzMFfMMGmQ,10.50
1Gz8GGxNUVJBydkhQxKaj7pBhzs1rb1h7MGuhbRCUfBinRy,100.00
13HRbApEdxL6xTJeieyZQnmay2QgPTarmeGoyrjZwmtZxZmT,100.00
1md4KqBKaDWxdUgi6yqNjNFRTv8VdmfggS3uac1YDmYLTis,5.00
15T3rTYnbUm7EgpWfeF6mrEajiFkKACGVQisVSf6F3KkoK6t,300.00
14YKp8MLycaDRrSJUGrkamsxjQeqoo5pVWAMmx37HbLX2U9E,44.00
13gZLMD3yPQjDYRdsrECN3ZgTJE47T8UdNGSn4rRWoWngGgB,400.00
15ARAU1znz5FDrehp85G8oiLnE4mdsMYrqhGW4EckuuKkg2j,15.00
15TD8W8jCagzfovUNx582T1qPFkBujc9dCmkiePpAy1msVWu,5.00
16kmbXhTGCwkXzdQMsE5AMJHddqLfRynJJL4ycFZg91zE7H1,10.00
14GpzboK9KN4ABzzGnQ8Y3fc7BkhLCDcp1JTjwY8EWkeyMkQ,30.00
165LymLzGLUbhAVXoVhis6AmGERK1NSgtJrhTzs29Ldd4Ly7,10.00
15cpSv2Zio1jaYFA39qnLKxSg3gCrLFaAFKene4eYE8yY9j8,14.19
11wgu6Tt7iZfWvx5U6svduVJGUBBy4ZX2cyiTzG5YxqWrob,100.00
16LzWz6PB2Wk6TzYv1Lrf8wVuPt7uAc7zx3mYHRbq91yEL4s,381.00
1f1Dsoc5T3tFSky2uNB3Yju84GsaZdfjnFJHQbpaesjoNd5,"50,000.00"
1YwLkELyBzi1nc74hmxLwGrJzDhjrimq8E7PTdLGiVqYMqS,5.00
16hpCeBoBqQcHitrmcwCQDsBs4isfxM2PasiL6v7Va62VsyE,100.00
15Xxn5oGaZcRx3LWZka4rRUvC85ZfFHvrR338rNHSRA5ogKQ,20.00
1RfT4UmhbJCRd337wCuaXyu8JMh6px9kvziZe4hUYAGkur5,104.00
129k2RiQPFvdsqBZsrqHKCgbs16jio71B6k8MSW2fVhEV44p,5.00
155hB1trRNAaXQ1GikX8NjA18y4GJ34gcjkXo1zZBLwFWxW2,25.00
13Z7x6htRfuhr6RExSaRjKmawbyFvVYCDqrbTBawSMXwjGNy,5.50
16D2nra3qUsBC9QhDHMd1VMUsgojfsUB7p33tz5sEfjH9VDd,10.00
16DFT1zELyke9WV7bQrVUcavzL9EqZpye4o3RcPqMpaVo3LW,10.00
1ZR741oJawafq7XsCpo7iNfKyecc15qarye1pXMiCqvqGux,25.00
14QwDDSwrUu6yH1uW4y87r1otQkQhGMo96AjAGqqtQjygi9Y,57.00
13Xy3g2X39Tf1HM85YJArVE3fad8J6yHosc8ZR4yyEGstp8t,10.00
1EejGMnn6AU4GgfqXwu5WYpAnchdetGd9KhLNxVqbN3RBZp,10.00
1513n1iYMPV4Bpgu4fRNGbTXYvgw9KEUX69tK7sXZvZfdF1j,10.00
15fuaNa1YEitP9qWmKGCSciJCjV3rYzGGLAR3CixU2eKE3fb,5.00
12WFzv8mR22FBcmEaX7V34uHQsBein2zM2vAxh7UuRtWXcZp,50.00
15ArYXJaqCyTXFAJbFMJY1D79uFRdqU3p5tW2EtmAh6tMGub,505.00
15r4Jv5DmAUjiYXQ1PTERyBNLJ3WqBM2c9aEhPhPW4pjL41Z,886.00
1uZRtKiDr3vky5gecBe1JcTJJwBUgXKCPX5iE2J7wf9JNXr,5.00
14VnKYVc6rYVGGgPHQyET5RFbVDSZgS5sXEx7TYcbgtZKHT4,280.00
12C36wqm6vXS6d7Nttfcsid1KV4wC38xgMp7QRRgdQuofCKU,215.00
15iXnaVxPMhhnJd9vEeYqDz5svEQhFUfww9RbSCZWMvZpSz2,25.00
15Doapat3eiJR31q21u5PBiLrkWmSmP55mGkLwYCKrbnp3j7,18.00
153bvoqapDAjznSJMUrjKSSQCWv1Eb74qngxbVDtMjotB2ct,6.10
1GzZ5bKm1AQmyvJAZorniYE18QkvdfVuk41mncgDGa9PUaU,53.00
12Z8vWgQZSDhVXdvoUxpbdfcr9KDH2W3sypL42m9neJoDpYu,25.00
15cz9VftywdV2tXNJswKsVAMhSmzhckGZKwr2EorkxG4rG5g,61.20
15zArxAvuPx8JJoCART7z9YGcy2Qdtt8W5euazXHWnSQjprc,25.00
14zQMBfVtCVwFEn9dah69qrSnG3VgbdxqARV7J7MurtWwmQc,10.10
15wNnWJYznd1XBKoJ2yZ2ebpPxc1RvAQGZkQUucePBRZqKZi,100.00
152Re2H5s8dx1ZjhVdiF5qHFgB8KLu82SkVY6dGqBtWyPznf,201.90
1ZWHNDHpi78bhZHTaPu7BNS5dzJTZ95pdEbhC4FAL3S1BXq,6.20
121uXp8YkwU2QjWVqt8pXV9xyqH5W5M4bwGYKhhAm5kEso9V,5.00
157upVHkFwhxx1WKh5B4qGGcgLydktGpdCnKx59k7oTMV8Pg,100.00
16Zgkcf2qDtzyNtY6HtpWpnJd24xj5CZsbfYqY9SGZTxsKVH,84.00
1vNts7NnxMCCyDJX2gDxyVK92ChJfS6PzF8UZ7wZtb8LV8E,10.00
1s8ydjj5h55CuGaK2V6bFHsRJEu1TaKyDjHhkjUevxTPMMh,50.00
14MBRtPuecs6YCDDJDpYDZ3VLzzChVJUp14X1WsvGANThQxS,"1,503.00"
15p9X9RtASgxNRPmfCZrrLf1LdhTpFahw8hJD1WQkRe3Luv1,20.00
15z843aaVS7djo2FQopqoVbeF7VChiboK6i3z1DD1PSfgnbp,"4,000.00"
15vqegskZjZbWfcUi1wvY9Sv5yoVgbhCUUgv7Uy6o1HFcVVw,100.00
1218hxfRAK5YJj2xjLD9CpbUyNs1eJgLrKEZdKkzt48yetjH,50.00
1RncUpuMD15C2kEPJntVNwiUYSWbqfGoa9gGve2TxBMqqki,131.00
16dCz7TLTqwG28wVgdCiU2nvYJ4tbRSk2NUjNEmwLF9wkCfR,5.00
156HsmMPoUAhvvUhd7ukKyyLKsLJxSmJAUoYiCD1j2KTZDVx,49.00
124GHm1TjAUp4mtqNyCUAfhhoSva5kUofQah7Qqy8MsNP6dG,5.00
13jay7ky7Ps3RQbESSEHdrbK5r1pLQ89FPCYtVtShPNaqVWD,10.00
1sji8uXGR9fTU51qogujvoiyerapjWQwUJZsQNBbWheVK7w,342.00
1CF6u16Ac3DJ4VHtTfUx5DCM3DKaeZ4faMFBo18d6AZbaLo,39.50
15JEUrS6gca4SrWbQF6yPQVViU6JjTw4uf182oECFjksbjQ9,17.00
15LoMhQznHuJgYgLnSJ9oyk6UBsstJDZ1YvqVHspWxZuCrUP,33.00
12BhN4Jke5hLaDxKsgKp9EJ8p9qvmHGnP7v8Gmh6yLKfRN64,201.00
1Yj4pWxDn3euU39LjwMHnSjqMRgH2tPoz33aCpVQ16J5nqe,150.00
16MbsPsxB65Mac8Gk4v9bnhQ8QYjxXmmu1g1mGapPXaerAip,80.00
121W2uiNBxmQrodcocU1LysuYk4vWR3tCLq8XsmZ46Q9D6Rb,5.00
15XRveAhesDNjL1fuFLEaj32KjymnVwQuLE2B1xETkVs1dq3,20.00
162GgYBMk3ozxMTzsRFRfjutRuPWPd4XizvEN3CYSpABodXY,10.89
12LKu6rcYuH9dEmRdgwukfAPLorYCJwv9ivrw16S7KxSQoAb,10.00
12nTCptDncpNUgZZcphpCnMkW3pnRy4nMs9bNDCRm6TjBJ8J,110.00
15kYxrFQFEeCTf5Um6BC77Dp2FMxqtUZbBvoWGLh3xdPA3Fo,5.00
14othG2beRkdR2JEha47cQPqHrGuzjR42j69GwzXuDPCZeCw,10.00
15V9nnqu6zAgPPtVe4tzScreCu5gwn5nvLe7QgEeWuT5jhEH,5.00
148DaUeoV64z7aG8nhu7FHnSmcUFdV33RNWx4SVC2k8udNDJ,5.00
12mkWNS6vVF6CfxWaSP5MSnXtpds9z2UbAeCqVDDoE9fZFds,35.00
145T7WsWyamKBWnVhz5sK4BHVZdYLxTfS6MtJjjoGpiMcDCB,10.00
14DnBuA7Qt4ZywXJ2pWSG8AtMcAWNJZzRJHeF6X7xmAxXQmE,"1,000.00"
16Cjcc4BNDEhYj16mPmat1bXNjWqPX1dZ5HqpL9MgCSV8is6,40.00
14SXFFSBEbk7ebeVbNQXFKSYVrqGgGQMujKbvMsqbEcjCpvF,8.00
152x5jZfvxstsr3Yp768d5j2YpXroiwVhXb9SGThUjX7r3qa,90.00
12QbkW6kPCRi7qi4DPsNMF6RJ9W3AE8Cdo6SzntSHfPhouSF,5.00
16hRqYxjRWNYwjYu3LPFChV2hFi364rFccj2ovTorXtGM4qs,50.00
15V66fBVcRKGeJvjybkzvuACR2drxAQsFnYKGhb4yh9f6c7e,5.00
121FoH7xaJ9mMeAW7CokDff8qhUDTiga5dGtTQbt1qw41pVN,10.00
12mHijC9pKZHdWcXU38yfVhq348zyz8jzwEoyKaecTAKuTtr,5.00
15rVNQpst81CmQEJmwbTeMV3WALTqWnEoq517fDuwXKRZi83,10.00
13icgVsNJHfXtzSt2KEd7iuasYng8TVj1WZhRy3Ry6b44eWd,5.00
145wngTqKDhvU1Ww7bzUZt67YdRJweBVfs3UnwyR6vCyvc1d,10.00
1Bms9TBwsEM2bzcYhc25FoZp7BKXxDpvGstQ21qtqBqWQoL,5.00
1A8CeR4Bz3xWntT851MbWqdY9oDTDg7SY2V826MkYp5fpPH,10.00
1bJ8Cb8BZqoW2m86aPNQNxsrz7SeTMBKPqxmxVUQT66YBEM,10.00
15M6ztGYk4RaVijFsekH4YtFkNdoJr8mStdkhbuA4o2AUnCq,5.00
16eDZSfv57XgWkeKCki5EczuZkRAuFCPtpkb1HU7h94Mpyi,6.00
14BL4QJRGyRzo186hydZWqPa5yj4kzHkd4Pxq7TNzE3JRg73,25.00
12BTCt4WGKkESrwtdiMSwTQJ4c7AZBukofPZtGQNPpGGW21i,16.00
1xRyKPak8wNorxdkxiGuUpS5BDZTPJuqzfCJYrckgm4X3Z9,72.00
14DRoucVHuqtZmZjtPaTKw4PWWniX68dGVuBV5hjMKMT4Pw6,5.00
16kjKr3DYQcaiJT7NxNznwzskZhfKrhdJ88Dp1u9wZCFkRGX,10.00
14NEircNpdTohkWmmDVAotGcgdKK6SCaZiCx2CsRnio1hMN8,26.00
12WjNHkYR8KYz7bYCemYLAeMrrhDLbgZWfgvMjBnKC3TEdf5,50.00
12y3mzEC8GSKDaRTnA8DvAABh3Y9F32fZeTEd4geXJig3riE,10.50
15PVDhMMy6D4x7AQLvaMXrbnxVZZFPZhhkUxnuZ1B4VsptVi,10.00
14rGj5dq7eiGJoDQsBHQhQKVgW71X4WLjV3TmBsJLHBxNw5x,10.10
124KVWeqD7aYrXquvUXHJZZXDzitLRzAMRHYGY6btX3gGXjG,250.00
12s83iHKCN1JpdhRhCs2yDdH4CKLhYWupdQjAFEzX2DCg9e2,32.00
126jgDWRTrv1t3h8uxQDZfHjZQtAXP6TxpYBSbuENDv6cv7f,10.00
16P8YkdiK2ewf8o3sdPxQUjTRGiLST2CdKDUrsoaHFXvrK25,20.00
14im5wC4PzQZ4mtXBnhgGzkmnEdyGqPcqsrM4GmrzjoL71RA,18.00
14QdjfiagsC1st3iXXGPMNSBmAQU3Zwo9ZypxGPYuYcVdZHu,"1,000.00"
136EgDDNtrAhKVeX5GaGPFiomeKob9Kf2U1bM1DF8aLMrY6R,30.00
15Lzqt92RcgtVTByWHF4zZj56dVikx33B2nuXKwHPFcSTcsn,449.00
14zKZ9bNDp9aEskuZC1g31j9AvdYyyLuqBYLoWHgkkfNbxh5,5.00
16VNSE19rh9ENKxmjUtyXzmMt6tc8HBnyv6Vphy84tUj3kPe,697.00
12mk42x6pfrCn1YhpJwGRUs2VX4uHfw7er3DczvLcg9gyWpA,85.00
14z39d2ZmkKECgTUW7umsTyGzNZQuecPifTr3vKiskgH1hns,17.00
15BWcuq6Wernan4ycDwoA4buWwcR3bLeqp6YWNWwFLaRX29J,11.00
14QZYh3bSaCiwQXD6pdPdsje2dGn8F8dErEmf95pi2xmExSz,20.00
15Az8jArzhzAosSkwFaPWwjqykTiQbxDfMQkex9hpdJJuNP1,10.00
16DPgf2ywf8HR5WhQfjXdoGXc2Fsi45DTpsqjUQ6iuvWCQ6Y,102.25
1nLUwDrhffKiE1LYPUsyBqRirRmrcwwZVLWhXBAnE1rdSgG,5.00
165apu9CJaGgpHfNnZhzuyxDrkntWKeJX3WEqjfG9i7HhvSh,"30,000.00"
12jUdktoBBvKxevpidCaCcCswz1K6d291CtuLvvDDjggeqwx,10.00
1RKPq9CkCDKicqQKZftx7kbCRHWSPvYAQJiG5bXMVStFfG9,25.00
1ChiTeotuyfYnSRdU569A3CTCTExzupEu9o8Q59Eft3R5pS,210.00
16PDWZGyD6zVzeG8NoueHivrDDAYKLPzWuRsArj3kS28Yk7u,25.00
155uYiYCn8kZN2DHgV94fa7gmHwZZf5K8AYCthfKd5apKT1B,5.00
14DXRhqZjJsDEPDsxQwnyPJYxjcsiLkjCvJaBz23zexfJavG,500.00
15r5PiYhpf3tKzeK7jFyuW4fCwLsyFCCNf23yUWYgBiNUvsE,21.00
12LKvqMUST2nLgGAgUrtXNBEw3LXX2Wa4zQj4R83nHJju7eC,181.00
16czFheEGdXdSfxHNj7AJXEQkE7fwuxVzt4qhYbQ9a4rHq6X,30.00
163KbJinTjeCkrTWnNfi267dow2ueGDRGkCo82JbYpaxJfKZ,5.30
16fTePvZmVbcVVCSxqAWcc16Mmhxxb2bj4TJAdp5wF9XMSrk,5.00
1246pXonxsWRB1AFrWswiRxsdSArq6R6vyd719g6A1WWasH5,6.00
16Zhqof27sQaWrMJSBBazUR3cT8KEviBv5mLzLukirbvsBJh,20.00
15kwvz8fFYSbDF6znj9uvnNxanqqCDQzRWeCKNJt7zrDJmUm,50.00
12isUmBnXC9YBx3Xs77k95EcDLn3BzacSM4cDJ3TgQS7Sy9W,200.00
13NHXw3j5rd5XXRPWeKxf7MdDQAFqSqVGhbZpMyfBk7y9J7K,20.00
12YxgJXyxZ7xmECiJYUrQcY81KodySymhuEs1KGPNF3mLVf7,304.40
14T6SaSAXHYgSTWpPZNuxKirj28pqw9diqCnUNDeZ1z4BrZh,20.00
13GdDpRmZ3uJv3LmqtN34h2MfX4xuKsAkQUtoqdxjn7QWn1q,85.30
1qQg7fJhwxq8ZJRCBR6xD45V19tRw8Rnytps5XXHaoqXjWq,8.00
16SFLF9o758hQUsnXXF6kP1Pc8i69MDbuok7oUe3orHAVzqq,120.00
13EFtmTZN5qz4eap5mA5fsnvtwot66yFfgFprGqsW6nMWxSj,100.00
1KqATutpxQjiTYukFC3CjtQH2c8EibJUad42SVG8Vi8BMxc,5.00
168456KqfFpYu2jTBUbH1oh93dVvAcuPjr98oP6eGUjKBnur,10.00
12VeZqwd3nJJWzshtpXqBaURefMmwCXyYH3xkVMgYyp9M3jQ,195.00
15Pp1HcEPxu6Z58SHiKJQrbdss2Y2B3pgd9BodUHxNt9pz4r,15.70
13RGgXrzxpUyuJYGiGEzF7mrEXdMt2ueSH2X7khvs35LTDs6,25.00
13jSuBkqrw21n3jH6Q1fu34sufABFKwYw6XqmM2F33vAhPB3,50.00
1FHwWN2Adis7N1NhKvk9QA5f1LFiG3h6RDoKZgk6SNw8Q71,20.00
14j1qbbRKv2qcgCZgKRkCx3EJLGhXhU7htoRJRrmKSRb3pZ5,300.00
13zU7eHRaWmJjKRzKAzwBx7cDvzF2fFPme7EoesprtxuF6ZK,137.00
13Gexpa6ewQAPD3Mh8pjCxMZ9GwKTyS4i4yAxuiBg5fxJXnP,55.00
14iHUcBpGsyexi2rXV7WHucmjJLGSu2yVmYJDCGP4UKbrFmA,50.00
15MWx1Tu6vi34x6VCsMwghLuQAD6KcMSqZRuUj5LWxY8nyVe,300.00
14MHQCBTMVpm7xZhfxxLcPRa3XZwgxnmz1h5a1GU66yB6zdW,50.00
167rGWRYbZzYZ6nAAKyj9uHBxwroSwbcx1NQ8swjAsvK6gjs,50.00
14EKtJFkLnAKy1QLByr5YVLwZnVkCzvDA873KrcKQry5FNFp,50.00
1msn2CX72iEHoCPu7Z8BhoSBwXA9iJ4JwLJTaXt7Jt3TZem,50.00
14W3o9rE6PjMXyrUeJ46fxeFTbj9hN5drQcYGBKsYkpuxpcc,50.00
1HwUvNGq4i42QtJgPNNENbcfDHYEEBBBrKu7f2kFsRGwU72,50.00
13gKpacXUPF8aKnbhdJjXHMMeCdnycejnJ8gVScx1BhKomxf,50.00
16kpzZQ2gJbWKmkziDMTw43vKfEv4xi1S5pFDyhpVSgtGQMy,50.00
14gNWQu81tMJ7MvT65Ma17tkYtmcyeHkd5HovdNsUL1YQM6q,50.00
16Uaa2Kup93pM3bUP91zXFen3P1PxiWG1jBrfbbX9vpbwueE,50.00
1k6hNxRxZoFwE9evu8aNhaBPXgiR7W2d3j2vQxmbc9nMGgc,50.00
162SDBsdLYXZhKqyQR5nRFvjANUUsFNb9GZHBrnArJUGhUeR,50.00
13mMcr5Y81HuUJVZ5KCM1NdPGYMu4n1FqgjnwNDLhGZrmAqY,50.00
12E3v5CusoKpX82CckAYguU6zY6qZXExdrg1h4U9Hk2sxB64,50.00
155qZCR6zURKDwLzGDsWnwakr5RRCmNLZHh7HwM95Gvotapm,50.00
14G8SxMArXwFEzPr4RqPVhYvwGN5TkNmrVYU26bhN5r1GXur,50.00
15txKC6hVfGpar7cHieDJrSWctf7MEGpeumLMp1fxNoBAXHX,50.00
15au8WWatxtZbyoupa2efRviFg23GFT861tSDtPgNFkG7qKk,100.00
1EHebEPcU9iHTCZuRaddT3HwxMNDdnrMNG7a6BJU5zLQWG9,50.00
13KEjhhcSnE7iAYxybUzubEF2ieH3zjgmFTDvx71LY8ZbGTS,50.00
1QntMN4tKaXm4QvVgGaHVYJGStygU24aepobDVPDmgpDiEu,70.00
1xJ9zFEF6Yj9HmdsV6ckCZEQ9oXaBo1qyBbEPeZZKPNED2F,30.00
12nPsXCoq3ZYdk99pxXQ461Y6hesDr6t7Ki1ih6xWK2D2tQJ,7.00
13Dh9cnMx4s9xcSQYiZc6QKkSpy5Ck7zfjqzf4Zw7s9HEfvN,20.00
139URAqLax8WqHhbY2v4Zmuy6n3UTiVNQWSftn4zGrNDvUYp,5.00
12K7pJSLcxxCxgVw6Qkr5948LY2MQamBVfdJocYbH8PYwXHc,30.00
1pJ8pNvxL4BBBipJdN9RNXR6MuVGeK4yqWEvSXEVDdu2veT,10.00
1pkCfR479fh6tjYmfzTDLtxwJhes1ZPjRNjR6nQ6oN46Pzh,75.00
13GwQQQpTKi78jPHHEW7eb2i3QYSpLrt93BwqiTMCUp9oiqd,5.00
1eAFuSDwcR4HSRHDkTFmf4iQTZ8SMK381jw3obwMcSbhH56,5.00
12Vxrvos3YvAKv96kpGQCdP6Jd7fBcoVepqs5AqCYrBERg5x,10.00
14BikmPsbqWXzEH87mswEcYUVuiG3VhXgh5dWmnHuJUChHi3,20.00
163AZADwuQzpRqjc5RWFrSFEk3S7sKzKgdJh23WEfbp7mNAm,5.00
14oc6r5KS3a6JQrVxAdbxc1eCerxj5axRDrnbHuy3QCqhWhn,12.00
14odUcxg2naD98zjZvmMTM8T9DbujfCQWtqNutQnfUs5PnRk,5.00
16hyhknZQw38ZftmQ5BCFCbxdErgAnKTsjYypCsd92reWXHy,20.00
13Ya8fBhA9rXKLnxJKNsdqLwstzFGCipGUL3bRt1JV343i6u,22.00
16ANTRy5S52jKHWtvvxapiiA7Exe6TkxXT3crTttU5rAzJSi,50.00
1KVtSEBsnqre4SmqK1ijTR63pJiXujPHpQfc53bRNsm5UV9,10.00
1TPmv9u7ciERieUPj4JMJsxQ1dQLSDJ5eSVwmfBBoP6e2wp,7.00
15JdK8D3bSTPWWajqFiaYcYjieNWPyGasUEmGFdwoP6LSn3w,5.00
16V3a6kt9pNY3iKb66vxUh6ZvKePNjsR6AhMwBPaqZXXKk6a,25.50
1EyC1aVnoFvHD6cvnvnYsceTXFav2imLthGMAWYF27RJ5AB,20.00
12vKpMqPbpaVFRhFvbYAKEifMHzmZQ56xQA3hLWopf5eD1eA,30.00
14xJyF3PMYSE34DkV2U5fbbYHSdsV4694PMimiE1qyCy7fyx,5.00
12setrSnrHwD7XbsdH5rvEkbeaDJpVkxR1vkuhFTC8Eofktc,675.00
13TtxCTFrHhrJKbCicWMH6p6be9bRwBRTmjvYtqmg5wkQuPT,62.50
15KHvpST4uYqR8wEgGbtuiNaUUJgvFa5Eh7ixoftNcxaDmsU,6.10
14SrLfQ3EWrc1jKoKNZR7jh2EC2kDi3R6mLCHTRH1tsV4yGj,"1,000.00"
14ypM46g8Qdh1WdMe6FkXRz8ZV7P9jskhVBjftpjKptWivc9,15.00
14SPyWqMhzJVYmnB8WnzY3JMdW85sxcfqQW73vW9caHDqbvN,8.00
125yCax9Wjge6tVHXzxxdoL6k65wobKUwvytEpYqgkz2hMmx,20.00
15rt2Lr3DVGAG2PrjLqpLFoACjYG3ii9AAdXR5tqmRhCdB5u,15.00
14M5ceqP9VmTGeHFBtFD3vjE8ShjqetEM7PuFskFbpKydpnU,25.00
16SrKQfioNAw7Gx7ZF25NKL1QXsRrLSaXrvBRdjShb77iEv9,10.00
13jK2xSYyY7NR39kvdBnYk2D3V2Gu2YsY5xAAzjpYYYXPXb3,11.65
13Y715hu1D3yzzJLLnbhGLTwg7kvMVt9ft9zeYShx3MQVASn,15.00
1jSPfZXeCHjc3umKiXAwxEHMR3uDx2EVdG8C1qZP3dki6CF,5.00
14zdn37q1GG1NEmvfYGidRNU3v7GsYNKEpmzeGxvQ9WExRVJ,16.40
14oiJP2SeKteWiq2vsDzHp93JjTm7w139QUQco1rYKDqukUj,24.00
1TQ1zHef6yvxB8HHdLguYuRLFDQq6nqMn2HKjqeTn75gW2o,6.20
15QQD3mdeeMtdZpne1hk3pUg4i6pEW8NtgPXnZSZaZYMnBQD,5.00
1sMzpSVrF39R3ZbZQSnCMvV8p1wnjBWdnjzrJ6SRf6GzE2X,5.00
12qABfuTNyvWPnzskMEzH3C6iAyk9Z48TiTcFV9nxjPmQAds,173.00
12CBH6y6YDNggS1nKDdAECasTQToUZ94BmkAVMpferaFTRJo,10.00
15KGvt1XCHWr3b4iCZnL2n378FwPh11u5NiEEcytoXJtNvB1,5.00
14z3CbKo2GrR7AbSqR6emyBugvj3whnjCtP7BKD5QXqKsdJC,10.00
14ixRLfeCkF63VHg4tRu4u42pTS7uKhdJQD8Vxm5tooVuQah,35.00
14rTiN52sFXaSKP3PLsLhKvEEv1fQnECoUZgHEJeJkaBy7VB,100.00
1WQUtG8pyRx3wPuP1doSXzx6koQ6cTx5xiKtWvw8toPVMVv,344.00
13gxQ54bdSUDd7S5J2716eKae2XFkLqHZbL3WLVJqxn7jRta,5.00
14hruEchEQn75zEaRAZW7jxNPhF6z8rya7k66rWYFinaB9c,103.00
14BnW9vyvsTWjz3aEyUBNrkpAWfXrkUzLe7cR9KTU3cM3dze,25.00
146acL8BSyMYHu2Qn2KR9KtV2avwCoFwFwm29t1Jop4ge7EC,25.00
145ZH9tCd8vnqQnfVHdRiZc72FSHTMPLRZupq1ju7fufy3hW,20.00
153UwmQafjZtkhDuDXsM5BTVpk8D3vrFkiehQz46t8h9yce5,5.25
14aeNopWtpmKrq5518QAyDNSPfGzSEt7CYsygzmykMqu88Nc,10.00
1xCnxnmXov9VSFejZ59tCpwGc4jnoVTTgP9vRp2r8NArpLy,5.00
13YPR1JweTFfjNUQGanhZnaCLRHpuCTAhN1NQgrXHiMgUwnH,10.00
12p7qCGJCWSymU3yyHtyNJagdUxVV8xn6bPYnFXmRmd89S1x,34.00
1e9yWmB3uAecEZaRdWqJHWfn9ooSVzi6tiMFURvSfwriRLr,5.00
14xN5sBW63VzArFrumrVBhUZsFkjYMZddFdJfYXVBVrFEuAX,5.00
131Fhkx2a4vUUdSVdmsARAEAD6WcXhtX49uthEwsczuFnTP6,6.20
133wgVPd55YNGbsFNjEBHWv2mmgFqVm9QQbKusVq1D879yop,12.00
13txiZJ8oiVcnNKzzYgvoT5mdZDHEdoU7weN3c9x6BQVaSWe,30.00
15V6tiB217BAPexqeenWebbrcL1PqVd4Qq7VPpo1LuKKZqDs,5.00
14QvqdDw5j2AbkBtcBFEoxED6kSzyBrrB9MfCQrgmJuCfbw,5.00
14zPpRZjerpz21b6CR52PWSDR5yj6zHK54Bhmv3Nsy9zfFNE,200.00
14iJQgC8JxhHX79a9SuSv8NYtGQmnGWZC7ReYAWJ7Yqt4Q8V,17.00
16VJDXziDxwQexmtr1kRterjkNjjbHnG9cG7an7VA6EVpq2m,10.00
16RuAiEL6vGd8bX7SmhjfVC57di7saPdYkfixCKz9n6LoqSi,250.00
129KyMzT2DwLmian9ryycKu7VwBXa5jeYAgkja7fJ8eJfA5Y,10.00
12pBpduQqbXbgK59XMrb1kSvYwFBbPKgi52qGArc5sjqdKz1,5.00
13KJGJuNWznBKpqpsdqXdP3KuXtAiCwaN563GYyvisYNELuN,5.00
16Czx7CeCwvwNTytq86ZPPMKqsTDzumNMtkr3zZJN8trP2Rx,100.00
12KUaAud5sYuStefi3FnepqhQjcDx5ExcAaEgZqJo6WQCS6n,10.00
16V1GbdTzQz7Xw4RzLridgzmn5wyg6SbSaCgn94KXgMkvytX,140.00
14adRrZGd52ZXsE12tP9bADDY7zmTq3ZDfyQx7prKZQSgPJs,7.00
158PQjLUWPhW5RxVruKGFawcrCLKt3sQAaWKe7Q5YdtyAin1,800.00
1Tz3q1bexos19yHe1ehc6vRN6HfENSUcy1UxtaSY8iKhtiL,8.00
1jFoBQJ5Hep8A57KrNRnNGUiXPRTVyExyVaSMTdaoFfpavE,5.00
12pr684uDs2CDasd1b4qLkHFht5XMVpbF2gX4Vj1XNoka2Gx,50.00
14uKrA26rx2HVzsFjQsCenLUmkK59bBVSK543GgwKQVM85qq,100.00
15zJHkVc88eiXW5quoYTNmrg8Yj64S3ZC9FQrHUtCjBxSG9i,100.00
12p7gcHw3K6ndosYMaMyn2TTVVBLAHiUWSoEZD8LYDWpxpEm,5.00
1366JKd33R1ikq1N1878vpXJJTeor5cj4Dd7CoxPkiAt1Ue4,38.00
12gEqc92a6EFVKeakzh8NHFWu2cYgNxTYeuPZU4TuwgbPizc,60.00
162tnnQ8NcZReJoSASH1wyab69Xrc4c2cUnHtYk7TqRtW6fV,10.00
1Tpq1Hm3SxXn3X8crjuYdEkdEygiy5RzjMgTm2HhDKxwfCL,15.00
12zrNCQATW4YjcUxPe7oybckCR579WyP8WqWZ5Yu9tdKqxzy,50.00
14i7vNMde1jcT7KMPbXpvXW52LRxgzWBdXzcTXfGS7XjKXae,5.00
15azyfpYXTLhymuDfN5QbnXmVy3G1V9iQ2B8WKjQrPYHS8Z7,55.00
121r9YbbnaAXW2g9kpjEWyijhf691XgHiocL7SG7emNnE21N,10.00
1uZNyBkTisYoRYZb7ckK2WdJDbcP6zBgFJdVhnipWVWph2z,"10,128.00"
12xkGPWDS5wMfJUJ3itFqUayF9PZ2ptHNjXQoPBZX8Ae4JME,5.00
13NH7mDesYpcxtpRUowPQbWWcBTUafTGqqdvBGGqvAXDKMx3,7.00
14r2JNjj2uaHGN6sNqgB6QWnrtYNdaUBVM7zXopAGZWnw4KC,40.00
14fostPyFWvJwiitsEeYKzSka13L6ndKhEY1PatcUw13EXPA,30.00
13idWSJAaB2F2jZ2UZ6xjoumurpUS13DshyjvSWR8rXXMgtW,55.00
14iUWk9Bum8JGj4JN8H4FN9RMvKE5Uguba7tMviab2BAskm3,10.00
13j1QG7ZzgYECVDi7Zi9r9ER9w94UNnYxJWKcCvG2FRh14Zq,10.00
1pea7w2PuucPqmLJjUyGBxvK7oERcopGUHkEjEiZWtdutp8,25.00
1xpJkPvAoB22gKegWrBeeqX2fa9QEDyFA6pKkossdkbivW3,"10,000.00"
15GGNmhxk1q5sgHXswi57Yy5HXUHogCMSTi9RkMNmnn7U6fY,5.00
1pM8AhRFeQMZM1f8JdgzJztzxbRfWRZdktseyPyesLrBSxA,5.00
1zkRkpCbD2nhB6vMEwxYxAsLh5SYYXXSVmatviKSk86SFFC,"200,000.00"
148zPREJufeWjeXtfxwmNL9dXPJb28Fs59ypxY561HNrWqDX,10.00
13j752GYjpZsWbvQxR8DeMKh5Dmj2jyohZbVFK372rRBD1ML,500.00
112Cr4WJ5k5e8R4jxSbqDvKVWzBuE5TcTMuet5fC4ooFj174,5.00
13BKrnzYqZuTuSpTdcuAwep2YXyaNr9mwrSqz7sheSkTnKVx,308.00
14e6S3Hr6R7rusbi5CshSZevje8JkrZ7Vr4JxPE1oT3KfG2j,6.00
15XxkgA8xZCwCLuT1qfeZoyCa8o3wDqqnGbdRJkkY4y27qYU,5.00
165t6mmrE1TEFXjqdeUv4ZFRxJsvaxyLY44c69jJQnSuD3Qc,7.50
13WPtaBnwjURVUW1YTCKyrFVh2zUo2gU7W2WjQiSwwcVfWbr,258.00
15DG5t7S8tKSxm1xP8jarLZ7BNyq8n7TPJbCSzDmsk9QxZdV,600.00
12EtpirXFjZ6j6CwKVFA9EUtYc7kLELoCXTdCyTFusvLGrJ6,"1,018.00"
16iiyVsXjJ3Mn36qEhxCy1emzJ6XPDsLjMaipRnarzsosrai,"4,518.00"
12rcn3Am1RNDW3tRTPTb69Zit8oiASeubecLXq7DxDYNkN9E,5.00
16Ug6VMuEXfLFLuKULQUo81cuJ6UmUU1NnJk6RDt3g7KWxgN,5.00
15UiEJDcDLHS7RZFkUAbi7anmHZZy9Ywd9Dh9maknvZQtqsB,145.00
13eJqAr7rCBZUghMw9i3e4eQS6rwCwHPbj9RBg7SWfJUibfk,104.50
12DsM2oXxD6yVJeBwhtATSwxX7TbwzaBWu36piqrjKNoj6qH,"2,688.00"
15oNFCjcMCbhdARtwndKQQ3udmpe9Z29rikXr7cEossU6s7i,54.00
12n6Jw44D5Ac87Usqo4J3JX6bhyapJaJjp9FsCTrCufq5KLs,20.00
12Mg7nrFX9HFiaKuXL6N2r6pkmzDPHoM1t1XhA5E4YfcNmYZ,6.00
119pnqsQCtRrTiqxdjesM5viB7fFvSe6d3545MKnXpVzrSJ,6.50
15ShfcHWntwS8rissLEaCDT7pb8NhgB2HDwtsUcZiNe77eSC,10.00
13B55pygmSobcqUzF58buJfSkHmAKaqDiV7BhWPFX2ziDVnY,30.00
1TsxmYfLeUFMiB8NeqqJjVsRhugPp5c7uuJZtGYhoZCU5Vi,133.90
12sWCYyxz6uDcxMimg37XY6BPARkNL6ws57BK2rapCweqvmA,500.00
1L8Pij16bBgPwFhjbXR5enro3DVFLmKmdmHY22S8Ar3pCd9,"3,005.00"
14QfYrQaDgM5pXCjLmTtNF5cgk3EcncBbdfM3394KhxDdH4Y,5.00
16f2PAmWAxRc2pxDnvasioka4Xk5zqkUpqNENmXEH2y3Ahkr,10.00
14gKgZyEWGYwD6qDQAFM89oeeD8iMwx3ent7RQN29yuXiJXV,7.60
12zTpBhqx1EkGVqwRwuBGfCDp4XVT1d3jjq98ZiSBPP12Sni,5.00
1hcyKFrzt2pa834HxQRGfmBsjyeDXVaD7dxFci1rGbyyU4x,10.00
13mJosCvGo5GgaEqmDexeQAzSAzuyQBuceTHoY4AdNfmZRvz,5.00
12CEZiPQ4XRNFRygLp565VNgVZCWG31wsvFmqNiaoJq6yN6w,27.00
1xHnKFnJTzihf8GuGf16Zwkk5wk7uxJ3G9vvBVHVA6AQvwY,20.00
1YuVCXUupitj7QRNFE8kb5WyTed7JjMUcoCbMW4XAeic6nX,5.00
15K8pyDgNp26yusb7Zz2FRAqUj7CQomwuXjspkvgbib4UfJY,55.00
16Y2rpZay2TyYt6DhYKCzenVMqkpj9rZx5fHiWJ8FmsjdAez,5.00
1Ny3srG6KeJUe4u6R9c8DtrR998Mj9VkK14DcBKhLx8GPDP,142.00
14dooCKX7tr4i4yj2bovWyWcrHsi6iWmwQs9p9MJFYtv6d1N,10.00
12Td1QpLuTtRQ2etU8z2iJd1gHEAMG8jpp1E9vrA66YiYfez,132.50
1HAuyavXr9bMASsMotndCQpZ6Nj2YpNcrxE9MDuwNMiF8ng,5.50
12E9ub9NibckkDZF5YnEi2LYy9fzhmPVHQq2dVBzg4q1EnZ1,20.00
16K7RSBM52aHKH8ezvfr1vNoP4XfyuAb9ZgygWoHUL5RVixW,5.00
16Q57W6PbdwJnwFywBrfExyCxMEKxWUcrNy8Y1f9L3mn7v2c,31.00
14QNooyJPH2Gedg88zgXuW5NNh5qWXLAJtjUs1HFv7PZkKFt,5.00
14SothhRGsjNKDjNTk95TDyCA6NUHVufNTc1Y3XxKinxWVV4,8.00
14s4n2eQbB7NT5SmkZvwwKPEyZfo5vyiPryJbBS29Mb3unKD,5.00
14iZMJKG9LKtzaGJqroHr6cSHQ6Ux4Nbdte1GSE4UZf7N9Zi,10.00
13bgEHbdxWAg4JSzvTVP5rnCWbQDjrCrHr3y3nA8deSpHBpi,10.00
16AL66bYWJGVr4nnbnjgXybvFACytVT5zoLGjuB6Bcki7qjS,5.00
12q5VfPiDUrRtgFQV4Tr8SVEDYGNJrWrnHcCTmb8axNGUzkA,10.00
136P4crnrtNEC2VKio2pxdoFpFX7MXrw4fvhymZnmHdvtzAH,13.00
16Xh19VbxUP6Mc9ib57QNEX9dnEaycgGduyP8UU89twyCP1s,10.00
13zeF3i3yBtTTf5UzLTMxj8rGnkNCqViheRYLSA81XkWNdxK,5.00
14AvtUT48RKdngjoaMvAJb2SuB6bA7H58q4X15PYQkJN221C,8.00
13bYgySzB6mvcHpkMaNR55ENtopK87kQykdxFGh5e7uyfguq,20.00
1ntKD3bZh44egqS1HpgF9Lbv7tcPSvToYNdTZ9zorpdeXAw,20.00
14E5pfWUKyKuiDb6UZ4eL3atX59YFMLbnyF2qmkxPjoXN9hn,15.00
13mR8Tvt2RqxHTJRjK8nUuM3Fctyz6L5KcPBZrUDvEoZdMUd,5.00
167eE5QtnmsoitgZ2Kr1n1G3Gzb2RDpyXTiVP1gAh7ZmMyox,73.50
14aDDBBxK8xzT65gsUkL8F8GzLV9zF48hrzd3UP7izTaRXAT,99.00
1s4g1umK5fgyNkL4zGHf8McH3p3avNogbJ34s5cGUCmxkV7,29.00
14K2XtYhTi78D7uM2wBorPPPqoYKwmctbGpGHw2R35cM1Gab,5.00
16kby1raXgHW1LJh4HzrhSzsiRsYaD4dvDSTbFhqCFJK3etH,200.00
16ZeTxNYPLmWv3LuznFDdxBjAgcFq254B5yeQZdy3pPaqD6W,147.00
1653b1HMthineXsfp6XeLV7PqV5CEw9KNxyT2qHyH6bYVGvG,80.00
13QqeLHriWyErtxBuHJF77qXvbdTAiukoWPfnV45oKwY9dqR,10.00
157ftPWAAaSNMFhNehKHiRUKiiP6FBGdNRd5sn5ytwBuW6pR,10.00
165PE3A19MeffL6yqx182bBWQJCwcsSQcTyyciNNHF1J1vs7,28.00
14Y1NgGJcXQthvhqpLRDUCzD2dxvErqpwZdVutFTgDMHAVT4,20.00
15ksXeDXgagy3pX8VRUDccYZT842Man5AXUcY2goAJyXHuhF,7.00
1hD9pZWWuGhCGuZuW7WWtu3gveUj27tTyVBdh9UE6b37UKJ,398.00
123opjg1TKEXqhnJLSqv6T54WtXT7uFfihjYBdG9GrzE8mf1,5.00
16CifAX5cigsf6ohhiMj6ociZNdmdAmCNSF8mN4YewdNzgWw,6.00
1KQ1svmKdmohhA9bXSBStZqcPW4mNiZqwEfAD8KJtiqV89M,150.00
13rkzyXu87g3vUTqgLwSeEYRiWyEsDA3RCpLwak6rFR6y1tE,12.00
13jWemPWJ2XnKPeJTTir4yQjPmbVpHwgUckg6ybRuv8dZ2GM,65.00
1bnV6uRyCf5ftEmth5SMZBuvqW5vV8GuZJDbC73q2qMxGFX,10.00
16evCijyB99ckbhDypVtwfxEcC5SHQd4C6HceSicidGYvrMF,6.00
14V5DkpLL8ibyZfUaU5zqubRyZQP9KM5up6V3P14D2VZPcmP,10.00
1sj18L9Yrt1goQonw1b8M6e8ynW1q1qa3ZNv3tQrfDMrCAp,8.00
14e51qLTzFvBgBXpqz7d9G9JsQvy5fiDJoBu9rnrM1ga9EEs,100.00
13p8fNdBmmJR28neHQ2jyxfjeLQ12WXtzRWPmBYW4xEtv7M5,15.10
15aRK9Jmm94Ti4q9z23Fz6pwT9oLr8oGmW1Gf6b6gmuHn9rN,10.00
16Puzz42YHPtSReKsN86BwJR2LJmwKHSQdRRQLqqxWYbMiZT,500.00
15kbHsVXQjgsXtHkfAFAdxAKmQ7HPXinpRVGVeuyBp2XpFkw,10.00
13oi9MGkGjzCH1hZ12sTqfUiKhc2WBToFC7RwQYg7C7fz5FE,5.00
1RzXnzzmczpNWeZn44YSmYUqUTHFdPsBAWWS3DcusPXyWpW,100.00
1R4RBXEKPNGXhL1JW2cDL4NcafQ5w3CCiM1DgU3Y66ranAS,252.00
1vRDtp2VodExhN999WKW2o167zLQ7bV1XVyYT6BR8PvbuBC,5.00
13KKkUtWoTezYowx81b8oXzP2BTVYWbY5qFySZFrZDK1YA2q,5.00
162msysBX8UpGaVfoSHGyMsizkuf2b835pDzWJjHX3CvobSF,14.00
158ULxN3a93GHcP7DKriabQCKodC31sVzWDjVzU7QbRZfnRH,28.00
14cpg53VADgYRFWL7RLFKenuFaKMLDGvYsgy7eSDicDvCCZ2,177.00
152zZba4xVyJWfPswZUA7acr2jnwiYjdQSvxbqXEMjjKsqAt,250.00
1497NfVGRxkMEffstVz1EM6SByeLr8UDkPz8RoLSLPweEFEx,300.00
14rUH2iZdWSJoEQroKGPuhoT268B1nToKmwdTLTMvzgxH7mH,"1,000.00"
14YcPBTt4y9ZiQhSHQ82tZqJYQKvLgU3eb8D464fhPestrwt,5.00
1EL6n6tdYzaMfCRMz4HAC6tsQRAfqEB7anvpsxVQptRiWC9,5.00
15weRUhAzAnkg9k4ETsvmamaqyG7BQ1iSXUG3bEzJUyvUQic,9.00
15dBhSzHDvUfYcCjUzeR8zTvsWzGv7AthioxnAeiZmziSkXU,6.00
15zJ2zNwXgfarLtfLreKsMXUuwfL1XP56pSj8DkQw75XpxvA,25.00
13E4QuAJw6srHkWts8CuxfiwZeeYyrz3itNDmBrypqxSKzCz,20.00
133LnUbycKd8oRZ4emrb78yfHaq5Dw6Hhb7rD2LZae7Kye6N,10.00
14wGfkRNHQN5gUhJn7zoGfRmeodHMitdtGyNRCaycShWUiwf,199.02
165KCLpQJoCRL2Wabadd5ckPyCr128ZNDzpZzTgkGE7Avsqg,30.00
13TTq7j5fvNztas4QcoDETibRVSwZSzvMt6DzLdjp4Arg78L,15.00
1W7Hmi3mWhy4Pdbtwr4GNYkrcguAfJ3A7GJz1xWPJP3KoQv,5.00
14ws6eUzFGBG7zi9cvEc2xb2GuYcTT1NzvnFbZKhUyr4VTx4,50.00
16VUhf6Wi7BcXYepZftxyXygMBVgg3wqqh4gAiu5Dqxjpzk3,25.00
14dyuckBUbJLRPLJmMWWE8mmWsbTzcf4SSP65T8Qw9ig5MTJ,60.00
14wwftvNtg4VFQsC5TBCUShvrr1JqaMkBCPiB4jWahYyUstH,25.00
13GapMY7UhbFdPWpXMVEmbEw1nDm26CHcQ9HidrLG2GkBJ4v,25.00
14fRpeJtjEah3avomK3ANtoe8kH1aEc8n1Ba1oukt2Hu6oxC,5.00
133cUGn8NCyStjiEp21vkwjyWved7srQH1LCJQ8Mij6NKYbN,5.00
14BJRXVfpbKbtFbnoHfbgH9CZZYiXishAmMKVa2QntFoTK3a,5.00
14b7wQT1A5HdNArUpejNu9P7eLCithuwj32RJahxYQhrh5i5,25.00
13MoNGo83GooVqSYqwgYmj9PFX789eL6Tx7CzbNfDcBF2LbD,179.00
13bF8EQ9P7cb1Q9ErsKuNFGTX1eeej93v9TG2CBSsvL4eq2C,36.50
16DADu9uZ4fyaVPUHBr8i2MA5CG5PurSuPWUCpxL4uXZDB4g,10.00
15oXjrebHRsHCfs5JmUFvcndN2AJGm6khuegSLi6vAj2QtYx,30.00
126MbvGsppBF7E6SyySVaQrFRA6dmpkhgvViMB3nvt55pdbx,5.00
12Qy3PsFzxYiZgrcVoHC3NEWRhfVMC8Y8SrrCc4w7Tqhj4av,117.00
14fpvtNrrFHyL12ev7aYf4UzK4YyF1pb9cG3SjTgmK1pDqb9,5.00
12ELwjAzcW8zANS4qTJSmm45apwybMMy9aLwjmMLt9XY5YSZ,5.00
12QkXjry1bdoviN2JCjXT7EhaY7pEanGUhA6maHNe8u7Z1Pa,10.00
14kopNEjRd7YH9HvLDdBrP1bxaBdqiXcEU5SUstBowekgQiT,9.00
16hxTZzs5iuH3Mu3bWZhUk9Kvf9mY97HokXMRZjRb9uToq4H,125.08
13TLeJgVjtQ8QJoz2DmQbg9HTQ8DDwyepGYsk62HRe5rCBnG,30.00
13zg89suxaFA9aBMxz1qkBQNDfkdfFYetkhVauu6EsaLvfjr,100.00
13EMfZDGvfLHZGbAPnyRaSB1ZSMN2L8mXBD4ZRM3dwA4JDUN,"32,000.00"
1EcUC2gUgseNGKhBjZSyHQQSQ13zQTt77ptjkuDzwNE7Wvk,19.50
13BYKhNjSU5monPvyeXSTWSRWsjnS5DzbyufRPLNXnZf84zv,10.00
1mt6UFL7YMTAkRZdrAQ22NJMaRLXuj4BVpBenKWrFu6hPCw,"1,008.00"
12K5wc1jSJ1y76Ey5Kw7RAj1WifrMCfuaKPU5wpzhVRb2Uca,25.46
19E1hjBB3RTLqMFc7sJGZpDN5Jhcuw1g2pQCtSG92zQ4MZe,156.00
15MoUrf8qjofoGiiLQZDCeppVCxF6zTYLjBmyNcsqwJYs38j,5.00
16MDVbsZRTTMEsd3icio6HpWuBzryfd9KC4rBeXquHh1gJPz,10.00
12gvfmMCKouoxbbGq2VmrmxZYAydeWo6YTYYvnGvV1XsUANt,17.00
1219Tt9iaD8LhEcroFyrsTFPAvKyaR6AuH3SmCNUigdwfy9n,7.00
14ihBTqdssTU4cAq5wPX7yqBLGxTKYuAhiSegCaUkSDaswP7,11.69
12c56Lh5m3X5he9vA4aomc7PvEydKzR6iHwZDvLyfmEvQhrC,5.00
16M1G2E1NaPxUYiLFaQSXpsuMZyP7Cdds5a71fSbWqW7tPfG,6.00
12jGBkmrSimWAN7TVxSce8FW9wxJAVptvxKvjFLoRz37wQ3N,10.00
16ZuEMMDqVU8TMJpJ462GXfsFo7FfQzpec37XvSVv4nRNxkc,6.00
15SJ6vWmnF4qAqAsGYm8rWHjKfzvETkN9h6KHqQDVzcMC9VA,20.00
139XaShii8dJDeaX7usCjXPFN8Z8Zcgb7D1mzeWiHqXh4pF9,8.20
1pm64snyaD4JdMKbYe634BhNMTccUhUKiBwQPMZ7qQxJueh,5.00
16PE9CjBbZ7RkszqTjWrH2fsF2Mm2jdakWyuoAXWiVZXdQsC,83.00
14tpRmx8B9tSjte2qZZKKpMiutCyQzgqqVJ3whsj2cyHqkLz,5.00
12N7n6cZLJBjH2Rz2GAWAnXxrYuKVe8NXZiGeX2vqRiXdgAH,14.00
12pLzsSAZ3XsGFtfcQz4PRLN2SsVMvYbs5TW7iEkwaJfaRBD,15.00
14pTkdhioj3zXR61KgVFPo47WSHUQwgVUtH9H31vGBs8macz,9.50
145v5apCSQT7fL7ApwymGF8SPs8yEHtaMHRVWpgkVHDzcFwR,5.50
1nbfUeWBBEcZ2VXd1TT8yWDtULRvbicpnQHJptD8z8CWhp9,30.40
12QLUX3asm2gPgQEQEwMvwHKuiuiSc5vZzx26X1dsM81mXvr,100.00
1zxMR4jhtcbymxyGecvZsKewRbB2VuCiBejDd8BeF38mHxv,31.00
16GRfBsG2PjNWzMUHEBvJFtDsX4doaA4Rm8UUKpBpWrVTDRu,21.00
12dbn9bCZjybs9PbJpSqQuuj5BiF9ZLp8A2JCsecfp3DdqmY,100.00
15RzkfVLNGiojpPB2hYGXbyF9cb65VxTtsY6qxSX7mr4befn,428.00
14Si9sj6jZhWBjjGonWUpCKLzfc5Nf5JmbPmdGQTWAYRzdME,34.00
162p5csRCrUdH3PGEq73bWDTgY9X4nGU3x2x7F7PMghvFHCd,30.50
12dbfoNBVcX4dYiNqqbfkxQdb13kiu47zfBr1Ynq4ffmVsww,11.00
15QFbpjomfNCN3TX4JqE3AKGp5cRC7GjxWf6PXPiCtuGTP1z,28.00
13EbyyYrZESe4u4FYKFAPDJ8cLJ7FpBfHhjSYgHuwFXCJRkm,"1,000.00"
1F4xA2H2L1nVEUgz2zUxRL3vrc4FYitta9G9xiqzy5xwxCB,13.40
12pY2u1HWfGFP95NwgeE8HncKup1WasZpmHiHm4Pg6a5Tk6o,114.00
144jX2vEQNyVFb9rJVHZDWkBPSuNEoRvDZEg7uGnw6m58pi,27.00
124XqeMZ852AMiCstU5CWiyxejWwHC9eLygpVDJTKGgW12XY,53.00
13p1SM6kRH4MCfVd3uDAc3KpoKTE2tCq9Fiy4aPM3w2nHHSp,27.00
13db9uo1vmkdmUTbxReSwrVy6uX6frHdYdGW2iX7nviq1qeN,18.00
16cgHxVEfWnpf5t3sB4qyfg6j8upa7D5T8BWFqytkRKYEFk4,100.00
1BvrjZyYCjCjKuyv13uj1aGSAsy2QcBSd9pHYbAKEzUn1mV,100.00
16VLawRiWaxxjhw6KyQVQ3eftBSAbAUXZyWNBXvjmMF2i56S,149.00
146Zdp6mbAaXBW6UHbcNyMA9Fh9DzzHU8bzPMojN355HfGi3,39.50
12QSnea7JUCpjLCTMNzX6mMCgxPjW1CZdvuCX6oYqB8Sw1en,40.00
13N7GNQVeCsWaMJbbudeNZJwkBBtJKgNBBSautvrjeBQLRF1,39.00
14tnTcySYnmtTt4zHsjMWSoEkJY2ioxkzFqRMGZhNnGVhPGR,5.10
15E2dGndkZKh83RzMUeiNxqKQ74HNT1UKsn49HvkHrAtz8Nu,24.10
13fz2VNQWk9QiTEPMKjzxoYjKeVX5yctj9WBhkTsQhcxuLVX,5.00
1632aPSBfrJwr5WzkhcVu3m16FcNK6Ss7UkVS38XvHg2fhC8,53.50
14jJb6TyfuSAu4PRDXXTK1Ahwf55Zmavqc5TRDmPmYhgvZo,285.00
13YSu9L6AqBfFxw4uEo8dp9SeDZG47ye6E9jbm9NACLLqVGM,50.00
1uhrPGFADmgTZw76hUxujYdFofjJ2kCUuK8KU6fXCZbFxuz,100.00
13HCekJwYwRLJttS5wGwsdh4NoqRnwVEadFEE4d3FSeLwj1U,250.00
11QpSJWG45n8rEgyyZasPFKY83wzKoLSbFS4XZ9YvLboYbE,27.20
1QnTLR7azQSb3wbVp7kDmXeNoTTuxuViKushfpHokFqBKXM,5.00
15dWCuKbn2GxrTvYrQxFscrFqhajvQehuPxw93G4CFo5c3JH,30.00
13zsD4rprBhoJDHokLEd4WftSgE4rcCyMJhz3XAhovWBJ6gM,10.00
1vb8xuMnyvrFyhpL8oAbegS5B7JqoLSS8z3NkmhCSfKgqF6,105.50
1YYXW4HjN1tcWD7ZofYBv1RcZn4E4QmiLbVzsQzEaTVG3W5,419.00
15Q2Lok9i6rBnpWvMTVapbhfe2JzNjpYvhSPJAzbhQvJFRBS,5.00
13wxXFKXin1j1WFJoTAYvvrWUKxJ1mN7XCQp19UM8gGwceiz,"1,030.00"
14rjvFcqC3ymsNPXLgmzF2ZwLpNogA3UoUAiPugVBG92Ck3S,100.00
16NUBHrmyya3rC8Bz7M9hT2ebewpmCeTCxjtpois98kw2ho,40.00
13YmxrkT9uKHyqVpTZTNE9n63CsTCDJY3PhWuzn2gK74B8ke,5.00
15aL8PaKB2PBE76m4oocjPPSVW8k7yh8pkF2kvVspcA6JQz1,5.00
12v6EHCMCEpb9Ymje2K2BsPVoSmZyvPTrT5adBn3734DEL1d,15.00
12WCfQykVanVVDPgSGAyAZ3gosRFSrzC5zDCMS3Hqe9Ew4Dw,40.00
12gF1QgD4Zk8AhQjPRsBwkrCjvfGGjeFpGjkAzvYUypSWFTd,15.00
1gcSk51cn4rvJoETctshUeqwhjN1hQcorac6YSULULoU3ig,30.00
15auFZXpzmuSGaSXArb2ZxVoXHzdhF6w5b9ZrHVdCWR6fDrC,5.60
14wbsd8P7zoxy35iTukNHhVCtwVt38bFhKs2e44nQG5Lp49S,193.80
14GrefUQkSMJSWp7V1GFWcTnPS4HLudrQkfL4DaYyn5xzRLS,25.00
13uMh35pkm3T9dZmYUhA1eJmjyX3yNwwaY2xbRUsLDQjeee4,25.00
13jNdZRZmY6RKo2CcxCQTkqmkMPmTLp3zoW3WTxcnKeHTQbD,100.00
13Eeipx2AqvzcohbAXMnLL8wBup8MpBjj8fYQGNHevDHixUH,5.00
1216cjJcEz4AzkmXEiLsW5tsDiv66LwH2Gy1KHEh4Vreqobm,40.00
13KHmGARy2TiYHTwz2XWioTqGnUdGBvsVa4L6xXATnj2eGtP,10.00
14W2gJK1LiasfJbeLGJpXrfK3yNBDvQwqMKtd9gZ8FCRS5FU,40.00
16hz6Z7PEDrzqxKaeZRawFu9MX2ttNVUCayfxCZriV6R7Th9,5.00
1WQYYX86oAr5es6yGsPJUvJQCug9PjtvkJLDHUeYEQ31QWH,40.00
1pQBuAddWa2YagWi2JWNi13cJStBbXqaBm8r4mtuz7L3ZPV,180.00
12BQPijf5qDrXjdryWKHMbwY9QCTfuLZ4atBwgJ6eHZR3c3x,10.00
16LnfoJgv4dpXFwVWq3iNHJPGMcfnRBTbqSiwpJVQnV6pXpq,60.00
158bnEnotzYBfRssMpmHrPBbF4pxfEtbeJLKeXEQc33mEbnJ,5.00
1FNkec7d3PzJFuy1qKnQ2BpPfNY5wvemjcKtuh4tHq5vzon,50.00
126qU1tgbV2dWXpbEHf19heexn4MCk8s5Hdz2MZ6mDgYrF49,24.60
138qc5AHsyLtnXVD3trHSkfreYZg7ziKEjSTrBkxXYjg8Tcx,5.60
15tWzHtgsJC2d8hei6fiM7tRMsc3rNjeZmU9mEKJwiGfaegx,789.00
13mLGqHnyodPJvnbXmaRhuo2nLQs3fJkvryJWL9ymMRJyiqs,104.00
14ajbGhn6QC5rQboGy8ZegrFmBLtZh9FbCnksu5io9QhGFW5,50.00
12rffS2fgckaoT8Tn1EPs6CqJiWgk6zyhcg9TqnoBVyzVeKe,10.00
158BMTKAFhMsRa1vhw3DNnRFesiaLrEtDUi6DcnoM42FAVXh,13.80
16hkwDrkfobD63fJqRSCEzMCDZSd8yrbNVBasSjNHEfEwhLA,22.00
14iU8GT8GeyyPqok9nQQ3gYBwnDEGadEs6zebonez9HNf6KG,152.00
15ouM3vZSsPNEgRBFxHRrwrUrxpVntfuWhQk4Wc3GfnqurV8,5.00
12T9UaWovB9WhVfsvhQ74G251Evv1X2WfpKGNUGE67vkDmJF,5.00
14M7zrtumA2dw9MMEWmffMNuoYXDVKTfDVs3HiV6AJ6pFqnn,15.00
14GXEok4JELJzbSBpmYKK8PVWkmX7Vbue4BVYn4SbMH4xNru,14.00
12BcXGiY8Nposw8cZp2ktPJkTirYMYdVm5bSho6GHKPUwV8k,80.00
14MiVigzHkqpJQPN3xKLu4QjV3Vw2mLMfBw8WeHDUBJBj1uv,5.00
16AZfXt7FdEyTbd3vLNKa7wpkoUDjKxc8yW22HSDpxZbgEYX,7.50
15qgnZaTounwK1WV4qdK4rfHSh6oi1nJgiBRiuzzV2zrNt6i,353.00
19yb9kUrNH9A5NCKQwQviVPQMcYBDtpApbDuWcsQTccikTq,10.00
138ixbGLBCVK5dWdtWg4eUtzvdgFeUfxrt8o9LDHB9LJF5LQ,20.00
1Ew97wKJWKc6wfHnGfJxJT389WaS5ZzoBrhZRDbk3EL4VVG,6.50
14ywDsq73QkU6W2vnUeHiSAWmnqjf8qo8vs6PjHuFJufkQEg,10.00
13iLuDwYFhogCektp7K4otHx431tH2qCaagihVanDz7CP7Ks,34.00
1CKpJBKprhHpKk9yjPJZP2QynwJynN7z1haa7crDRgLmhXM,10.00
12HBx2bz7whkmcUqR7Gz4gqDAgraW9ZX5mM5DNB4LvgxSvuG,20.00
134EJV66Bpg1TEKzjsxcZBCH7pTXRjuFRhsHj3utRCvyY4vr,10.00
15123wdDsitPKTSuUGaoJCito7zDXgzzWr5UDCh1PpZmqB6C,5.00
145S81LdUkgA7oCinjTgbHGV7wTP977EKgPf5fFa7xfZp9iC,200.00
14GYVbArFjWcLpP3tfbuN5ugzQKuaT6KrPU2RJYHRcz4FdRS,5.00
15fU2sHaNdwSGMrkLi2gRDChSMFe66iMhqv3FsmxYePA1ZoU,70.00
1s8gqcw7GNKVNuqM85zJsDP3gzBSxRV2RP57xpcfXjzRgcg,56.00
15KMfBHkhSwNASHffu3t3pD1PongZwfR8CAZakiD1MLgHo8J,10.00
13gQi85bzwSGFmtc318GcBX3Zaxj6QJncPzpLeRkNhf9vTA6,5.00
12gpi61M6HyoXeiv2DKrw8Q1m2CZ9hqnm93wYzn2ysjzvM8w,100.00
12rZySPxGJumyvVeYQnmYWmR2MB71NvPfn3MK7yuwchigdnU,5.00
16i4ZjB7UQEuP3gnYDJqSHjRC8bW4FacJca9Vvci2ZEpGhJ4,650.00
16aixp9jt7m1MhUiMcGQr4bA7KubELUcUT3F4WFUXbxigC3P,6.00
129rVhDX3Pv4wqE4di3v9nLtvrkYYLwT2xiBrMwhSNRdMPgB,20.10
12p5jUQicvKpRombMt9x64hN6ZXfvwaQnjnAqtNVH6T8cL5C,11.00
15fwDZPiRqGubQzNGX13mq2RUTv7yYmWRkEowjrBzi4YiZmH,201.00
15uFxUHgNjwWeZvyzr6M6i6RXDEg6KtuEGYWwS5cqoRUMP4h,150.00
1uovBLqT1JVbWm7MfTupdRD12HHpA2bEpUW1L5NKNSpkT6y,20.00
145tRLVDBpS4wKfBqoBvNUdtzGKLbVDLVoRpPK838qUC8x5E,12.00
13m8PRKur2Ro6SbdRr2NGnrk1iQpu6snUuAx6ByyFRg37ZWS,84.00
13wWYGvZ3WRThnm6d9RNXuTua9PA1ABTjDMn6J8n7sRdRZV7,20.00
121TxEfsxz1bwWK5JA4kQ9Pc79kjVJTAjEvspDmWTquke3yN,100.10
16fzSu1ioE8bStTy34zh9cCKShHagejyzJtSjqvh8TQuxd4x,20.00
15rna62XWsA6cxL5ke76QPmfmWBNNeUpF4yv7419U2LZHy88,5.00
13DbhvmJeWaH3C9jyDnypcMJUc5AkPpPYxxsSwEyuzazuBea,5.00
14JxifpRAdt1dy6YUegDs4YxWtJLyrcHBS3SdkM62NMBdVXy,125.00
138Uziu7suP23QGpcYgbRS1J3nkRXAAPfcwRX8EaYtLnYRn8,300.00
135rNtzarw4YHS8wARnxdXZ1aNR8a16SgXiWpoB6GVtqzP2K,15.00
14tzMx3N2uuKZKstqMhPSUSKqfGak1iBRSj3afwM8vVFi1bU,150.70
14Gd4cu9XhpKL91zGWUf1DUhDMk9X7KfRwBwrRspE7ErbiRE,5.00
1GjqXD3jWKXSNVZyL7KTPc1U4APV1zJYoCnUdKoH6ttRq1r,"1,000.00"
14Y8fZAaEJkUSXitoHzSyyjSL7YcbMML3WV66caz1d72hhZ,5.30
15JAt1UbmqrP2t9Dokk9ZJys42z5tz1Mu8MTBpRZyik9FNiE,5.00
16SCTipo51xn222CsqNY9LfL9Ao4Ren32D8EoFmydi5JHvSb,150.00
12NXGrqQhPXG8uBvmV9M2G15xLpiGRtEQozy1ULPAbDRf1XD,80.00
16SBH2qXvfaGvze54gXftpbu7G8LA3n7dQvS6yDwbLzZNC5x,28.70
16Xqy6K56tfTKQzetFMrUdYSK9TKL81Resv1c5upPreVq2Ur,10.00
16Hz6URJ74ZhBZtd78frej5ZJsf9p7JW1UMYA19rg2svbxou,15.00
15oAUrLPtsgurNQQL7MshSu9wxfoVh8sZoe18uLFBfHgSzQw,20.00
14wTwFqmMumxZbeDt7WVEyiqfKjKGcx5pAcpqakxr6RkvssE,250.00
12Em5oKTm8rJCcrvEXxQxb6ryawSoFwFvxhsmMWroG882sxN,30.00
16ZumcLWJ5qfMF97eWcGDfDRbbv8yr2sC6gH5CiziTY5qH8L,36.00
12EPdgakokyEv8y78xyKL2KrkzzQ8hnpzyzcDhzkgEoV1d65,50.00
13uNeSzrUrLMn4y6VxN9y9JtzE6HtCwqrLKS3pgfwLXkKVim,5.00
143r7svv57vnQjVmmUbtuennvzziFS1Eo2Cc2e1isWt7M3MC,30.00
13msKE2BRAMAT5KN6CDdQLx7vu3DnbU9zwQUrcVArxR3nChe,5.00
162YjCv1AA53UvhzJvCS6xzZtSUgmVGkzA92rnQQjoeLg9DK,5.00
1Yd8gBSCM2DUBV7wv7t4SqJ7UND1fwEPFyHvf9ZB32WXwwC,10.00
13pmji1A2VdwfEJ4kggkWgZ1ZCXx4BHmJRPMDkLNhyk5sv4g,5.00
14T8V8JpfHZMaHfVoRHzDDq6mSKaFhMAqa1a64C3CDi7yi3C,5.00
12j3t1okMvr7bBUZuM51yHx97r7Cy5NE7LHyiiYvu78asRsM,45.00
129Mbx3UGwf6ZBKkiE7w7S4PAmoXowdyNf7D8b6Gy8fdophp,50.00
12L9xzNhrm9FABQBYLECG7AwyJ3vAzrTPrM1qfwN2Kgme5Za,6.00
126QaDCZM45T8X7Wk4NPv5eNy8pYkZz7dKNbxQdvkQfeV2os,44.00
12DvPZisZsdyY96wr7t7WjKkPrdtrvNXbstienWdpuhWfGRr,68.00
15PQ4UxSVotWxLgMfGuwUuog4yJtp5jiGMhPPeCEvytmhu7r,5.00
13WPEJ3KGDCHR4e8nybrLn4FGKFAkyjhXMvJENvnrVmCccsS,100.00
14MAv8FuQCywKfNi7mjvkLHXkzaZ2CtAwJKszEJ7SvCWRpUa,322.00
15E9ii8yNN4u7DxCvjin54MzrGq8jRyA3jWSqUYyEgrS22df,10.00
14Vuxf2To4NWLNmmWFkdtno9HL3oYxtzv4yFy8nLN8VzXYrE,5.00
12rXnoMJePYo7SFR8gnEMR9ddSFBkrGPfZeejQY9buDM6vyn,5.00
16k3oVU8DEZV3dXf1LxPvBG79jXFND28LuxuTMFhEDgxn2Qy,5.00
13jQBoRpS6VnuQYzTVZDd8svRqSzekMH9XMWMirZymufnESx,100.00
14khzVdyngLnZfycKKMLxjjxLL5Mg1vYvpXaRSc8cfDLkwxV,"1,000.00"
1TvXbrVXxfVQpaoxnUzSX9PRzyzZLyhwc2DQgvRj9dX4MNX,108.00
Total DOTs,"505,852.58"